alert_id,alert_type,wallet_address,token,contract,chain,amount,price,tx_hash,created_at,notes
alert_1788546495_0x750874,promote,0x750874e6fb8dca30ce41d445e4baf8c76971f912,,,ethereum,0,0,promote_0x750874e6,2026-09-04T18:28:15.994365,promoted to whale
alert_1788546498_0xc4704f,candidate,0xc4704f13d5e08b27b039d53873e813dd2fad99d9,,,ethereum,0,0,candidate_0xc4704f13d5,2026-09-04T18:28:18.355688,whale candidate (≥1 verified winning sell)
alert_1788546500_0x7b7364,candidate,0x7b73644935b8e68019ac6356c40661e1bc315860,,,ethereum,0,0,candidate_0x7b73644935,2026-09-04T18:28:20.233120,whale candidate (≥1 verified winning sell)
alert_1788546502_0xc56c9d,candidate,0xc56c9d4aee66e16aa4a31a710a6d2fc720a626b6,,,ethereum,0,0,candidate_0xc56c9d4aee,2026-09-04T18:28:22.167680,whale candidate (≥1 verified winning sell)
alert_1788546504_0x704ad8,candidate,0x704ad8d95c12d7fea531738faa94402725acb035,,,ethereum,0,0,candidate_0x704ad8d95c,2026-09-04T18:28:24.043460,whale candidate (≥1 verified winning sell)
alert_1788546505_0x69c66b,candidate,0x69c66beafb06674db41b22cfc50c34a93b8d82a2,,,ethereum,0,0,candidate_0x69c66beafb,2026-09-04T18:28:25.919469,whale candidate (≥1 verified winning sell)
alert_1788546507_0xc2eab7,candidate,0xc2eab7d33d3cb97692ecb231a5d0e4a649cb539d,,,ethereum,0,0,candidate_0xc2eab7d33d,2026-09-04T18:28:27.789612,whale candidate (≥1 verified winning sell)
alert_1788546509_0x7dfc9d,candidate,0x7dfc9dd51638573a812b39d33eded20df468e7bc,,,ethereum,0,0,candidate_0x7dfc9dd516,2026-09-04T18:28:29.663868,whale candidate (≥1 verified winning sell)
alert_1788546511_0x5ced44,candidate,0x5ced44f03ff443bbe14d8ea23bc24425fb89e3ed,,,ethereum,0,0,candidate_0x5ced44f03f,2026-09-04T18:28:31.541086,whale candidate (≥1 verified winning sell)
alert_1788583637_0x750874,sell,0x750874e6fb8dca30ce41d445e4baf8c76971f912,WETH,0xc02aaa39b223fe8d0a0e5c4f27ead9083c756cc2,ethereum,0.0264,2450.93,0xd7762a5256a7d76efc01a041b383d1056d8db9347f8d5a97928fd69bf46c8ce8,2026-09-05T04:47:17.682270,profit=None
alert_1788586291_0x69c7bd,candidate,0x69c7bd26512f52bf6f76fab834140d13dda673ca,,,ethereum,0,0,candidate_0x69c7bd2651,2026-09-05T05:31:31.309600,whale candidate (≥1 verified winning sell)
alert_1788586293_0x52c77b,candidate,0x52c77b0cb827afbad022e6d6caf2c44452edbc39,,,ethereum,0,0,candidate_0x52c77b0cb8,2026-09-05T05:31:33.334687,whale candidate (≥1 verified winning sell)
alert_1788597971_0x69c7bd,promote,0x69c7bd26512f52bf6f76fab834140d13dda673ca,,,ethereum,0,0,promote_0x69c7bd26,2026-09-05T08:46:11.804981,promoted to whale
alert_1788597974_0x7dfc9d,promote,0x7dfc9dd51638573a812b39d33eded20df468e7bc,,,ethereum,0,0,promote_0x7dfc9dd5,2026-09-05T08:46:14.298988,promoted to whale
alert_1788597976_0x8fbd26,promote,0x8fbd26a7cb1ab65834c5ea245aa1f1e78d03ed30,,,ethereum,0,0,promote_0x8fbd26a7,2026-09-05T08:46:16.858248,promoted to whale
alert_1788597979_0x69c66b,promote,0x69c66beafb06674db41b22cfc50c34a93b8d82a2,,,ethereum,0,0,promote_0x69c66bea,2026-09-05T08:46:19.358265,promoted to whale
alert_1788597981_0xc56c9d,promote,0xc56c9d4aee66e16aa4a31a710a6d2fc720a626b6,,,ethereum,0,0,promote_0xc56c9d4a,2026-09-05T08:46:21.848873,promoted to whale
alert_1788654382_0x750874,sell,0x750874e6fb8dca30ce41d445e4baf8c76971f912,WETH,0xc02aaa39b223fe8d0a0e5c4f27ead9083c756cc2,ethereum,0.0023,2483.58,0x887909531f6f30bce2dd6e9df6bff08d5566548f6238a65c27a812e7b310a2ba,2026-09-06T00:26:22.223293,profit=None
alert_1788654384_0x750874,sell,0x750874e6fb8dca30ce41d445e4baf8c76971f912,WETH,0xc02aaa39b223fe8d0a0e5c4f27ead9083c756cc2,ethereum,0.0065,2483.58,0xafb9718bb4047ba95459d24ea45db9da38477dc0c9ccdac49102730e7a09e80a,2026-09-06T00:26:24.604849,profit=None
alert_1788654387_0x750874,sell,0x750874e6fb8dca30ce41d445e4baf8c76971f912,CATALORIAN,0x8baf5d75cae25c7df6d1e0d26c52d19ee848301a,ethereum,254592.0456,0.0001981,0xfde6de36c08d7d70c264915e1d518ad38cac13c8683e43cf81de15221da12aa0,2026-09-06T00:26:27.246633,profit=None
alert_1788654389_0x750874,sell,0x750874e6fb8dca30ce41d445e4baf8c76971f912,WETH,0xc02aaa39b223fe8d0a0e5c4f27ead9083c756cc2,ethereum,0.015,2483.58,0x03c770feb8500dd031335591d96790fc61841d47cc5292bdbea414d73d74396c,2026-09-06T00:26:29.678749,profit=None
alert_1788654392_0x750874,sell,0x750874e6fb8dca30ce41d445e4baf8c76971f912,WETH,0xc02aaa39b223fe8d0a0e5c4f27ead9083c756cc2,ethereum,0.0094,2483.58,0x912fb0429074e40798cf6124895e2a58740856ad324cf1b4c4acc581f3b48432,2026-09-06T00:26:32.084955,profit=None
alert_1788654394_0x750874,sell,0x750874e6fb8dca30ce41d445e4baf8c76971f912,WETH,0xc02aaa39b223fe8d0a0e5c4f27ead9083c756cc2,ethereum,0.0121,2483.58,0xb3b33658507f3c6f0b6031b6056b9581b1db10a96db4f5d8dc9d942f776e2b76,2026-09-06T00:26:34.476252,profit=None
alert_1788654398_0x69c7bd,sell,0x69c7bd26512f52bf6f76fab834140d13dda673ca,NPC,0x8ed97a637a790be1feff5e888d43629dc05408f6,ethereum,21618.9452,0.02038,0xd3a543f261c3785ea9ff8ea3d79594ee8cb6fc12cdaa6f37f7865cf6ff21ac19,2026-09-06T00:26:38.050614,profit=None
alert_1788654400_0x69c7bd,sell,0x69c7bd26512f52bf6f76fab834140d13dda673ca,NPC,0x8ed97a637a790be1feff5e888d43629dc05408f6,ethereum,24417.2093,0.02038,0xdcef9823de1bb97db6405169a705cc5647d5b40a956438da096510b2fe3644a8,2026-09-06T00:26:40.439853,profit=None
alert_1788654402_0x69c7bd,sell,0x69c7bd26512f52bf6f76fab834140d13dda673ca,NPC,0x8ed97a637a790be1feff5e888d43629dc05408f6,ethereum,9768.5735,0.02038,0x474227d593f2da69fcab379980238cc671e87ce5f130365d8269ed0397642f50,2026-09-06T00:26:42.837491,profit=None
alert_1788654405_0x69c7bd,sell,0x69c7bd26512f52bf6f76fab834140d13dda673ca,NPC,0x8ed97a637a790be1feff5e888d43629dc05408f6,ethereum,34638.9143,0.02038,0x22e52355b5340a4903129869b4820ef5e8870bdc4f51f30ddfbc2ff141a562b9,2026-09-06T00:26:45.234620,profit=None
alert_1788654407_0x69c7bd,sell,0x69c7bd26512f52bf6f76fab834140d13dda673ca,NPC,0x8ed97a637a790be1feff5e888d43629dc05408f6,ethereum,506.0925,0.02038,0xe566fe4980de12fbd03d1f1a79d71056b7b9b044a3b7aeb9e941954a4aea9deb,2026-09-06T00:26:47.618680,profit=None
alert_1788654410_0x69c7bd,sell,0x69c7bd26512f52bf6f76fab834140d13dda673ca,NPC,0x8ed97a637a790be1feff5e888d43629dc05408f6,ethereum,24382.2696,0.02038,0x2d32a3c801d430deeca87e4a75ca9edbe92af65ca45160c879bdb0524848c439,2026-09-06T00:26:50.007309,profit=None
alert_1788654412_0x69c7bd,sell,0x69c7bd26512f52bf6f76fab834140d13dda673ca,NPC,0x8ed97a637a790be1feff5e888d43629dc05408f6,ethereum,31854.91,0.02038,0x89d389191345bf5861572866f1f31dd07c6e7710a6914f947e78abf48bd9151b,2026-09-06T00:26:52.391265,profit=None
alert_1788654414_0x69c7bd,sell,0x69c7bd26512f52bf6f76fab834140d13dda673ca,NPC,0x8ed97a637a790be1feff5e888d43629dc05408f6,ethereum,7313.093,0.02038,0x799e6345062370f497ff5b520c4c3c9cf35e518dc2ccb1e93410bc4de85a39ad,2026-09-06T00:26:54.806734,profit=None
alert_1788654417_0x69c7bd,sell,0x69c7bd26512f52bf6f76fab834140d13dda673ca,NPC,0x8ed97a637a790be1feff5e888d43629dc05408f6,ethereum,1221.3656,0.02038,0x8372747b4f117e148ed491a798f1cd39170f3bd25b7f192b4770cc70573926a9,2026-09-06T00:26:57.201429,profit=None
alert_1788654419_0x69c7bd,sell,0x69c7bd26512f52bf6f76fab834140d13dda673ca,WETH,0xc02aaa39b223fe8d0a0e5c4f27ead9083c756cc2,ethereum,0.3136,2483.58,0xa445d5e86d2a704b6523ed3bb548e0ce15f7a01f66be1cd3bfc83baf0deaf090,2026-09-06T00:26:59.596277,profit=None
alert_1788654422_0x69c7bd,sell,0x69c7bd26512f52bf6f76fab834140d13dda673ca,NPC,0x8ed97a637a790be1feff5e888d43629dc05408f6,ethereum,699.3132,0.02038,0xe854b2cafd97b2377cf0abe677410d212cebee4c821ccc1abd445457eb2155e0,2026-09-06T00:27:02.002074,profit=None
alert_1788654424_0x69c7bd,sell,0x69c7bd26512f52bf6f76fab834140d13dda673ca,WETH,0xc02aaa39b223fe8d0a0e5c4f27ead9083c756cc2,ethereum,0.0438,2483.58,0x15870f35a1130f241703ba39c65c4ca05dee0d404f4dcd5f7366181457efefb1,2026-09-06T00:27:04.406964,profit=None
alert_1788654426_0x69c7bd,sell,0x69c7bd26512f52bf6f76fab834140d13dda673ca,WETH,0xc02aaa39b223fe8d0a0e5c4f27ead9083c756cc2,ethereum,0.2861,2483.58,0x8d54280ca6c1a3be395b4dbfef265ed8e560eb4ab2e9fa65a80b9a845a1958bb,2026-09-06T00:27:06.811472,profit=None
alert_1788654429_0x69c7bd,sell,0x69c7bd26512f52bf6f76fab834140d13dda673ca,WETH,0xc02aaa39b223fe8d0a0e5c4f27ead9083c756cc2,ethereum,0.1566,2483.58,0x9a570663703b8ce0ab21a063594b1a5ce55e4827bac965e12e87d00d98d0317c,2026-09-06T00:27:09.256231,profit=None
alert_1788654431_0x69c7bd,sell,0x69c7bd26512f52bf6f76fab834140d13dda673ca,WETH,0xc02aaa39b223fe8d0a0e5c4f27ead9083c756cc2,ethereum,0.2579,2483.58,0xaa6d02e50754bf0b6f9d4e87eeb3ecd1e3c962937fe130af3c9034195c1f8027,2026-09-06T00:27:11.971971,profit=None
alert_1788654442_0x69c7bd,sell,0x69c7bd26512f52bf6f76fab834140d13dda673ca,NPC,0x8ed97a637a790be1feff5e888d43629dc05408f6,ethereum,9196.946,0.02038,0xa74a62494226cdd8afc1584d01ab8bd46515924c806cd22dcf4838dc0432de8d,2026-09-06T00:27:22.538372,profit=None
alert_1788654444_0x69c7bd,sell,0x69c7bd26512f52bf6f76fab834140d13dda673ca,NPC,0x8ed97a637a790be1feff5e888d43629dc05408f6,ethereum,4891.7956,0.02038,0x79e04a3b27e11653fc3659aa1270285e704006d4fb15d3d61d083e5ccfcb30a5,2026-09-06T00:27:24.973060,profit=None
alert_1788654447_0x69c7bd,sell,0x69c7bd26512f52bf6f76fab834140d13dda673ca,NPC,0x8ed97a637a790be1feff5e888d43629dc05408f6,ethereum,4891.9825,0.02038,0xb7660cdacee6d6e1b6cf60eab7221dc422f5850d8da03f36ca5d68fcb839e961,2026-09-06T00:27:27.355072,profit=None
alert_1788654449_0x69c7bd,sell,0x69c7bd26512f52bf6f76fab834140d13dda673ca,WETH,0xc02aaa39b223fe8d0a0e5c4f27ead9083c756cc2,ethereum,0.4952,2484.33,0xe926b3e05a8b2508905846a3929d64c7c743ec092f77a3b3565714e988d66e04,2026-09-06T00:27:29.853743,profit=None
alert_1788654452_0x69c7bd,sell,0x69c7bd26512f52bf6f76fab834140d13dda673ca,WETH,0xc02aaa39b223fe8d0a0e5c4f27ead9083c756cc2,ethereum,0.4947,2484.33,0x68061a481b20b33a413907b25ab675daacf7aef27537872ab2c2456fc58ecaa3,2026-09-06T00:27:32.266941,profit=None
alert_1788654454_0x69c7bd,sell,0x69c7bd26512f52bf6f76fab834140d13dda673ca,NPC,0x8ed97a637a790be1feff5e888d43629dc05408f6,ethereum,4897.663,0.02038,0x826b6899de948b016485393921f8b3026da4111bab7195f2b59844ab4eed4cf6,2026-09-06T00:27:34.651708,profit=None
alert_1788654457_0x69c7bd,sell,0x69c7bd26512f52bf6f76fab834140d13dda673ca,NPC,0x8ed97a637a790be1feff5e888d43629dc05408f6,ethereum,7352.1398,0.02038,0xa1a6d8acd28b1501d262bd7f820bcf621a014e4ebe6048f53c81e5d095cda009,2026-09-06T00:27:37.045649,profit=None
alert_1788654459_0x69c7bd,sell,0x69c7bd26512f52bf6f76fab834140d13dda673ca,NPC,0x8ed97a637a790be1feff5e888d43629dc05408f6,ethereum,36826.227,0.02038,0x48c3f2f3662a479236a31f8b6209a54d4a827be1022c6591183ea0c51cf3725e,2026-09-06T00:27:39.524406,profit=None
alert_1788654461_0x69c7bd,sell,0x69c7bd26512f52bf6f76fab834140d13dda673ca,WETH,0xc02aaa39b223fe8d0a0e5c4f27ead9083c756cc2,ethereum,0.0018,2484.33,0x128574ac770929a5c5f926d6cfea1cc59b86c1988c688131a295e7f1dcd38143,2026-09-06T00:27:41.940410,profit=None
alert_1788654464_0x69c7bd,sell,0x69c7bd26512f52bf6f76fab834140d13dda673ca,NPC,0x8ed97a637a790be1feff5e888d43629dc05408f6,ethereum,7296.2524,0.02038,0x25b38f6d481ad8d171466a3c40e2520800175f63d3c51e8384c4b11a91b69a8f,2026-09-06T00:27:44.354009,profit=None
alert_1788654466_0x69c7bd,sell,0x69c7bd26512f52bf6f76fab834140d13dda673ca,WETH,0xc02aaa39b223fe8d0a0e5c4f27ead9083c756cc2,ethereum,0.0597,2484.33,0xc5725004463f254666cd11d15a85e80ab1c541cfa805d8a0e0cda5cf9b918873,2026-09-06T00:27:46.746704,profit=None
alert_1788654469_0x69c7bd,sell,0x69c7bd26512f52bf6f76fab834140d13dda673ca,NPC,0x8ed97a637a790be1feff5e888d43629dc05408f6,ethereum,45574.12,0.02038,0x0e98ca8fbe176e2dffdfbee9cbbe0c4a7ad4080c434d3dfebf9054152391cf4b,2026-09-06T00:27:49.142908,profit=None
alert_1788654471_0x69c7bd,sell,0x69c7bd26512f52bf6f76fab834140d13dda673ca,NPC,0x8ed97a637a790be1feff5e888d43629dc05408f6,ethereum,14672.2786,0.02038,0x1efa504db25a4ab7d8a26337b4354607375f6d185d93e58d2dc26e1b328fbba7,2026-09-06T00:27:51.534031,profit=None
alert_1788654473_0x69c7bd,sell,0x69c7bd26512f52bf6f76fab834140d13dda673ca,NPC,0x8ed97a637a790be1feff5e888d43629dc05408f6,ethereum,28022.9243,0.02038,0xce03016b48ac7007734628ea33a5c01dd1de566a74aa5901cce925ecd2381d92,2026-09-06T00:27:53.925968,profit=None
alert_1788654476_0x69c7bd,sell,0x69c7bd26512f52bf6f76fab834140d13dda673ca,NPC,0x8ed97a637a790be1feff5e888d43629dc05408f6,ethereum,100502.2604,0.02038,0xf25d72035087127d930ba7407fb97e859fd7f5151f48066293ae8a111365cabb,2026-09-06T00:27:56.323314,profit=None
alert_1788654478_0x69c7bd,sell,0x69c7bd26512f52bf6f76fab834140d13dda673ca,WETH,0xc02aaa39b223fe8d0a0e5c4f27ead9083c756cc2,ethereum,0.0121,2484.33,0x1b23cb20308021893b439c9edb371d5afaedf3977d9df0a361b274bce477aab7,2026-09-06T00:27:58.709036,profit=None
alert_1788654481_0x69c7bd,sell,0x69c7bd26512f52bf6f76fab834140d13dda673ca,WETH,0xc02aaa39b223fe8d0a0e5c4f27ead9083c756cc2,ethereum,0.8705,2484.33,0xccf031fcf3614402b05778048ddc9c6135f898dadce04e2d8cb93b189e67eab2,2026-09-06T00:28:01.110068,profit=None
alert_1788654483_0x69c7bd,sell,0x69c7bd26512f52bf6f76fab834140d13dda673ca,NPC,0x8ed97a637a790be1feff5e888d43629dc05408f6,ethereum,14661.0683,0.02038,0x4715276c44020ac090592237d6a2df70dafdb4e3f1c57ffdedd44b9d2933aae9,2026-09-06T00:28:03.500537,profit=None
alert_1788654485_0x69c7bd,sell,0x69c7bd26512f52bf6f76fab834140d13dda673ca,NPC,0x8ed97a637a790be1feff5e888d43629dc05408f6,ethereum,9766.052,0.02038,0xb025a3a9ad0ad72bd3215f45d3bd9b4f1eec61cd6f539c9b582fcfb4123ec8a5,2026-09-06T00:28:05.889957,profit=None
alert_1788654488_0x69c7bd,sell,0x69c7bd26512f52bf6f76fab834140d13dda673ca,WETH,0xc02aaa39b223fe8d0a0e5c4f27ead9083c756cc2,ethereum,0.9492,2484.33,0xf88825798c72df842ef58a1df10d5066619f679d5e3f4cdcc312e6b06d64e9a9,2026-09-06T00:28:08.283824,profit=None
alert_1788654490_0x69c7bd,sell,0x69c7bd26512f52bf6f76fab834140d13dda673ca,NPC,0x8ed97a637a790be1feff5e888d43629dc05408f6,ethereum,48735.681,0.02038,0x6450a97fd0ee245b71bb28b4ff67bce513ebf5d29bbb136133376c92d427438d,2026-09-06T00:28:10.962872,profit=None
alert_1788654493_0x69c7bd,sell,0x69c7bd26512f52bf6f76fab834140d13dda673ca,WETH,0xc02aaa39b223fe8d0a0e5c4f27ead9083c756cc2,ethereum,0.0298,2484.33,0x4247d3fc70d9b9e98bae39d03f7e3dd26fbc978c259a5659f4419b812a57e204,2026-09-06T00:28:13.663575,profit=None
alert_1788654503_0x69c7bd,sell,0x69c7bd26512f52bf6f76fab834140d13dda673ca,NPC,0x8ed97a637a790be1feff5e888d43629dc05408f6,ethereum,1364.4864,0.02038,0xad7833bb4c9c3388a86a58321237ac1de56e032ce4df1896817f1717f76f829e,2026-09-06T00:28:23.076328,profit=None
alert_1788654505_0x69c7bd,sell,0x69c7bd26512f52bf6f76fab834140d13dda673ca,WETH,0xc02aaa39b223fe8d0a0e5c4f27ead9083c756cc2,ethereum,0.0217,2484.33,0x9faefcca148200208ecd2b7986ed7027e93193f4fc79ae1010f91ed91fc22702,2026-09-06T00:28:25.505286,profit=None
alert_1788654508_0x7dfc9d,sell,0x7dfc9dd51638573a812b39d33eded20df468e7bc,WETH,0xc02aaa39b223fe8d0a0e5c4f27ead9083c756cc2,ethereum,0.5617,2484.33,0xb266fefbd4834554daebe48a9bfb61eb1973e45dcad65f290446e6cc1b3e69f4,2026-09-06T00:28:28.828616,profit=None
alert_1788654511_0x7dfc9d,sell,0x7dfc9dd51638573a812b39d33eded20df468e7bc,WETH,0xc02aaa39b223fe8d0a0e5c4f27ead9083c756cc2,ethereum,0.0104,2485.98,0x475647ce06beb261fb720af10fd36c4d457fce15c7badd4429c14c5f301f245f,2026-09-06T00:28:31.391401,profit=None
alert_1788654513_0x7dfc9d,sell,0x7dfc9dd51638573a812b39d33eded20df468e7bc,ASTEROID,0xaff2565091e7207191dbe340b8528d02fa78d044,ethereum,57510.8567,0.002475,0x222936d1c0fc672d2e948172ccf1db18d73d21855ab4eb471687e50185d1c6c0,2026-09-06T00:28:33.884695,profit=None
alert_1788654516_0x7dfc9d,sell,0x7dfc9dd51638573a812b39d33eded20df468e7bc,ASTEROID,0xaff2565091e7207191dbe340b8528d02fa78d044,ethereum,463931.8075,0.002475,0x504d5ce3ff26f0cab189e7e40c2f75f3012d4a452266322ed56b032b393bc1d6,2026-09-06T00:28:36.257853,profit=None
alert_1788654518_0x7dfc9d,sell,0x7dfc9dd51638573a812b39d33eded20df468e7bc,WETH,0xc02aaa39b223fe8d0a0e5c4f27ead9083c756cc2,ethereum,0.5612,2485.98,0x90e3f6833ce9a5a903a06549cd896a7755fe6edc86897231ed1967d3f704baa1,2026-09-06T00:28:38.652323,profit=None
alert_1788654521_0x7dfc9d,sell,0x7dfc9dd51638573a812b39d33eded20df468e7bc,ASTEROID,0xaff2565091e7207191dbe340b8528d02fa78d044,ethereum,57576.1351,0.002475,0x8734ec0eb97ab795cafb02eadfdf4f365798fec54b7fcd88d1134874f93bbf83,2026-09-06T00:28:41.038854,profit=None
alert_1788654523_0x7dfc9d,sell,0x7dfc9dd51638573a812b39d33eded20df468e7bc,WETH,0xc02aaa39b223fe8d0a0e5c4f27ead9083c756cc2,ethereum,0.0143,2485.98,0xfc554f868499e2fdb42a7dae982a77232e7dbbcfb92cdf8fc4c7acda72fa82a8,2026-09-06T00:28:43.435896,profit=None
alert_1788654525_0x7dfc9d,sell,0x7dfc9dd51638573a812b39d33eded20df468e7bc,WETH,0xc02aaa39b223fe8d0a0e5c4f27ead9083c756cc2,ethereum,0.7935,2485.98,0x3a955d0e1277b6df7999cfe29fa9a0ef3f914bb57fcd7c465e0c2355eb1f540f,2026-09-06T00:28:45.833896,profit=None
alert_1788654528_0x7dfc9d,sell,0x7dfc9dd51638573a812b39d33eded20df468e7bc,ASTEROID,0xaff2565091e7207191dbe340b8528d02fa78d044,ethereum,7510.1208,0.002475,0x255b3e7a5c97f2f5e3f3b93ef4ed58ae71f1b0e53ac63310cbbac09c446c6d70,2026-09-06T00:28:48.224739,profit=None
alert_1788654530_0x7dfc9d,sell,0x7dfc9dd51638573a812b39d33eded20df468e7bc,ASTEROID,0xaff2565091e7207191dbe340b8528d02fa78d044,ethereum,117695.8241,0.002475,0x322ea200f148d1496ed73ca7907d678387ffa0062d57ab96bb1a98178134fb32,2026-09-06T00:28:50.603540,profit=None
alert_1788654532_0x7dfc9d,sell,0x7dfc9dd51638573a812b39d33eded20df468e7bc,ASTEROID,0xaff2565091e7207191dbe340b8528d02fa78d044,ethereum,149984.4763,0.002475,0x9983b0ec6de36be33c22e75760fa62857567ae399e172814d6a34017ee18993d,2026-09-06T00:28:52.995136,profit=None
alert_1788654535_0x7dfc9d,sell,0x7dfc9dd51638573a812b39d33eded20df468e7bc,WETH,0xc02aaa39b223fe8d0a0e5c4f27ead9083c756cc2,ethereum,0.7535,2485.98,0x910b75de05ad011125399d8a99938e62119ec53b14d248b191a472839a6eb354,2026-09-06T00:28:55.467254,profit=None
alert_1788654537_0x7dfc9d,sell,0x7dfc9dd51638573a812b39d33eded20df468e7bc,ASTEROID,0xaff2565091e7207191dbe340b8528d02fa78d044,ethereum,302565.409,0.002475,0x58e55213ebd636161da0499d7f625781f7b2f969c7c6338c67f690c74ff94371,2026-09-06T00:28:57.899458,profit=None
alert_1788654540_0x7dfc9d,sell,0x7dfc9dd51638573a812b39d33eded20df468e7bc,ASTEROID,0xaff2565091e7207191dbe340b8528d02fa78d044,ethereum,84607.9424,0.002475,0xd40d610c46e186a10fcc06373cffa43e4aab73dcceff11b1f81b6c6298821053,2026-09-06T00:29:00.315769,profit=None
alert_1788654542_0x7dfc9d,sell,0x7dfc9dd51638573a812b39d33eded20df468e7bc,ASTEROID,0xaff2565091e7207191dbe340b8528d02fa78d044,ethereum,482856.8108,0.002475,0x421ee0e6ba67590ab4c79f419ebb2757f4d43fb6196d2e6ec1f61191385d951b,2026-09-06T00:29:02.719324,profit=None
alert_1788654545_0x7dfc9d,sell,0x7dfc9dd51638573a812b39d33eded20df468e7bc,WETH,0xc02aaa39b223fe8d0a0e5c4f27ead9083c756cc2,ethereum,0.7416,2485.98,0x6613669ad92b56602d3ba6461b5e6d9aa05bd26d79d9e195d81225cc5d0afdf2,2026-09-06T00:29:05.108711,profit=None
alert_1788654547_0x7dfc9d,sell,0x7dfc9dd51638573a812b39d33eded20df468e7bc,ASTEROID,0xaff2565091e7207191dbe340b8528d02fa78d044,ethereum,19672.4615,0.002475,0xbb2e60f6aa8626acc3fd28f665be6acc6cd50825fc83730e1564d4a3e3ef1e75,2026-09-06T00:29:07.506663,profit=None
alert_1788654549_0x7dfc9d,sell,0x7dfc9dd51638573a812b39d33eded20df468e7bc,ASTEROID,0xaff2565091e7207191dbe340b8528d02fa78d044,ethereum,158566.2061,0.002475,0xa90260d5249c8f460114f7f1624cef3ab22e661b1c12e91dfe4fe1b0f5112cc0,2026-09-06T00:29:09.894944,profit=None
alert_1788654552_0x7dfc9d,sell,0x7dfc9dd51638573a812b39d33eded20df468e7bc,ASTEROID,0xaff2565091e7207191dbe340b8528d02fa78d044,ethereum,370086.9238,0.002475,0xf384ad5d6cecad27a931bc6087bb3ae924cb81045b98e286d7cf63445c6e763c,2026-09-06T00:29:12.584711,profit=None
alert_1788654563_0x7dfc9d,sell,0x7dfc9dd51638573a812b39d33eded20df468e7bc,WETH,0xc02aaa39b223fe8d0a0e5c4f27ead9083c756cc2,ethereum,0.0038,2485.98,0x2eb1576561a5042e4b23820a445ad5321deae1faa63c89a3e109cab8e57782ce,2026-09-06T00:29:23.326720,profit=None
alert_1788654565_0x7dfc9d,sell,0x7dfc9dd51638573a812b39d33eded20df468e7bc,ASTEROID,0xaff2565091e7207191dbe340b8528d02fa78d044,ethereum,41964.223,0.002475,0x5fb5a988a4698d9e0995f4bd3140d9c52f9d122b627050464427641df8a786c3,2026-09-06T00:29:25.766478,profit=None
alert_1788654568_0x7dfc9d,sell,0x7dfc9dd51638573a812b39d33eded20df468e7bc,ASTEROID,0xaff2565091e7207191dbe340b8528d02fa78d044,ethereum,77183.407,0.002475,0x166a488a10c88eeb6dede930e3a85faa93234432abc26991792c748bc7ad6786,2026-09-06T00:29:28.185594,profit=None
alert_1788654570_0x7dfc9d,sell,0x7dfc9dd51638573a812b39d33eded20df468e7bc,WETH,0xc02aaa39b223fe8d0a0e5c4f27ead9083c756cc2,ethereum,0.9735,2485.98,0x6cb4ec66cfc83a26840568700ff2b6e8c81aae63e8ceb225b4aed6c6991cef0a,2026-09-06T00:29:30.587086,profit=None
alert_1788654572_0x7dfc9d,sell,0x7dfc9dd51638573a812b39d33eded20df468e7bc,ASTEROID,0xaff2565091e7207191dbe340b8528d02fa78d044,ethereum,70081.7222,0.002475,0x314fa7b0d256f676004683cc5c7907bb4959a445e7c96617df1ec029453a1fbf,2026-09-06T00:29:32.974049,profit=None
alert_1788654575_0x7dfc9d,sell,0x7dfc9dd51638573a812b39d33eded20df468e7bc,WETH,0xc02aaa39b223fe8d0a0e5c4f27ead9083c756cc2,ethereum,0.5318,2486.82,0x0423052017582668a312aa7497c62de267b6ea09d0496824297a2e5886a93f5f,2026-09-06T00:29:35.439874,profit=None
alert_1788654578_0x7dfc9d,sell,0x7dfc9dd51638573a812b39d33eded20df468e7bc,ASTEROID,0xaff2565091e7207191dbe340b8528d02fa78d044,ethereum,80437.9652,0.002475,0x88df0d7f6975a25a02c97b643f71b37567f560cae3938487b5a6d46a805b9476,2026-09-06T00:29:38.025169,profit=None
alert_1788654580_0x7dfc9d,sell,0x7dfc9dd51638573a812b39d33eded20df468e7bc,ASTEROID,0xaff2565091e7207191dbe340b8528d02fa78d044,ethereum,181956.6977,0.002475,0x811420a23cb3d3a5739080048e6957eb17bab6584077547e8177729679b3875b,2026-09-06T00:29:40.414848,profit=None
alert_1788654582_0x7dfc9d,sell,0x7dfc9dd51638573a812b39d33eded20df468e7bc,ASTEROID,0xaff2565091e7207191dbe340b8528d02fa78d044,ethereum,44937.4212,0.002475,0x4fbb45b8697551e8b45904cbeffc1f26ce8d56d768e462f5ad66ec256045de27,2026-09-06T00:29:42.800899,profit=None
alert_1788654585_0x7dfc9d,sell,0x7dfc9dd51638573a812b39d33eded20df468e7bc,ASTEROID,0xaff2565091e7207191dbe340b8528d02fa78d044,ethereum,10876.4739,0.002475,0x39b83e7a8323600cc57e5f302428c3a52edeb178a16365e9a307689519b4b8eb,2026-09-06T00:29:45.201129,profit=None
alert_1788654587_0x7dfc9d,sell,0x7dfc9dd51638573a812b39d33eded20df468e7bc,WETH,0xc02aaa39b223fe8d0a0e5c4f27ead9083c756cc2,ethereum,0.8308,2486.82,0xc59039a1c943ef06bc3dfee19a0d112c87cba9fb8d54ce15fe81f495284ead34,2026-09-06T00:29:47.604150,profit=None
alert_1788654589_0x7dfc9d,sell,0x7dfc9dd51638573a812b39d33eded20df468e7bc,ASTEROID,0xaff2565091e7207191dbe340b8528d02fa78d044,ethereum,380235.6662,0.002475,0x40fe8aa14f74f8ebc019f6ec45150f54a68aecb25a8efead455fcd4cdddd2984,2026-09-06T00:29:49.994619,profit=None
alert_1788654592_0x7dfc9d,sell,0x7dfc9dd51638573a812b39d33eded20df468e7bc,ASTEROID,0xaff2565091e7207191dbe340b8528d02fa78d044,ethereum,197669.5656,0.002475,0xa5c392cf0d986af800136f39ba9d9463d3fff66f2ddbc4fe41aa9bff218af3e0,2026-09-06T00:29:52.397343,profit=None
alert_1788654594_0x7dfc9d,sell,0x7dfc9dd51638573a812b39d33eded20df468e7bc,ASTEROID,0xaff2565091e7207191dbe340b8528d02fa78d044,ethereum,517500.0,0.002475,0x62eda47d2f165f9f7f83f0d135878429687baa19166a03e83f0aae573efba14b,2026-09-06T00:29:54.799674,profit=None
alert_1788654597_0x7dfc9d,sell,0x7dfc9dd51638573a812b39d33eded20df468e7bc,ASTEROID,0xaff2565091e7207191dbe340b8528d02fa78d044,ethereum,1431.4235,0.002475,0x2cc35d3f0d855051ee82a3e0ec1abf443ed295d128e7ffb6fd538f81f408c4c9,2026-09-06T00:29:57.193233,profit=None
alert_1788654599_0x7dfc9d,sell,0x7dfc9dd51638573a812b39d33eded20df468e7bc,ASTEROID,0xaff2565091e7207191dbe340b8528d02fa78d044,ethereum,475000.0,0.002475,0xa1da00f01f9182ad15ee35999e815beb2a0bde50e90763e23a3a7782e49e3a25,2026-09-06T00:29:59.579250,profit=None
alert_1788654601_0x7dfc9d,sell,0x7dfc9dd51638573a812b39d33eded20df468e7bc,ASTEROID,0xaff2565091e7207191dbe340b8528d02fa78d044,ethereum,72545.3945,0.002475,0xb68c3ce455b817aa46a5557e5b58269e1fa97634f6301c64632753e3cbd9d640,2026-09-06T00:30:01.949666,profit=None
alert_1788654604_0x7dfc9d,sell,0x7dfc9dd51638573a812b39d33eded20df468e7bc,WETH,0xc02aaa39b223fe8d0a0e5c4f27ead9083c756cc2,ethereum,1.0472,2486.82,0x09c50f481b11528f449c34ccfe062240976cce3a33bff0e25e8ad38e653743bb,2026-09-06T00:30:04.455045,profit=None
alert_1788654606_0x7dfc9d,sell,0x7dfc9dd51638573a812b39d33eded20df468e7bc,ASTEROID,0xaff2565091e7207191dbe340b8528d02fa78d044,ethereum,197669.0581,0.002475,0xe03249e320bfe8743cb446d1be1d22d42eef0132e58f731e200e47e99527fd1e,2026-09-06T00:30:06.852529,profit=None
alert_1788654609_0x7dfc9d,sell,0x7dfc9dd51638573a812b39d33eded20df468e7bc,ASTEROID,0xaff2565091e7207191dbe340b8528d02fa78d044,ethereum,15000.0015,0.002475,0x97b4a1986c9b296008f37dbb66d107ece5a4efe685214ee6e436c723f858ff4d,2026-09-06T00:30:09.228266,profit=None
alert_1788654612_0x8fbd26,sell,0x8fbd26a7cb1ab65834c5ea245aa1f1e78d03ed30,WETH,0xc02aaa39b223fe8d0a0e5c4f27ead9083c756cc2,ethereum,0.0019,2486.82,0x0ab83f1424b3407706b83cc80d9924d6d4d25cc7137b85a9e726165b9b5aa1f1,2026-09-06T00:30:12.984057,profit=None
alert_1788654623_0x8fbd26,sell,0x8fbd26a7cb1ab65834c5ea245aa1f1e78d03ed30,WETH,0xc02aaa39b223fe8d0a0e5c4f27ead9083c756cc2,ethereum,0.0018,2486.82,0x56b3f7224beeb6316ef8aa42d2e08565a81708f3b62ea3f9f9370bfd96a7362c,2026-09-06T00:30:23.514769,profit=None
alert_1788654625_0x8fbd26,sell,0x8fbd26a7cb1ab65834c5ea245aa1f1e78d03ed30,WETH,0xc02aaa39b223fe8d0a0e5c4f27ead9083c756cc2,ethereum,0.7414,2486.82,0x5dc9f919885f6a20020ca3cf6c9591359925d5847a4db9f68b6902b16755fc08,2026-09-06T00:30:25.911524,profit=None
alert_1788654628_0x8fbd26,sell,0x8fbd26a7cb1ab65834c5ea245aa1f1e78d03ed30,BYTE,0xde342a3e269056fc3305f9e315f4c40d917ba521,ethereum,3747638.228,0.000001768,0x5daefe0433937444178a4cbf646cb3385ca16714f5713b7814a76a3516e34374,2026-09-06T00:30:28.450174,profit=None
alert_1788654630_0x8fbd26,sell,0x8fbd26a7cb1ab65834c5ea245aa1f1e78d03ed30,BYTE,0xde342a3e269056fc3305f9e315f4c40d917ba521,ethereum,55622992.7587,0.000001768,0x638fa8ec852029baa950d8bdacbc86a2090960d919283837b7ca7d9d428791da,2026-09-06T00:30:30.848698,profit=None
alert_1788654633_0x8fbd26,sell,0x8fbd26a7cb1ab65834c5ea245aa1f1e78d03ed30,WETH,0xc02aaa39b223fe8d0a0e5c4f27ead9083c756cc2,ethereum,0.0101,2486.82,0x9815da1a9996a7fa54261fbac42ac8c6a969a41f227862d2c6cf016394ffc587,2026-09-06T00:30:33.256600,profit=None
alert_1788654635_0x8fbd26,sell,0x8fbd26a7cb1ab65834c5ea245aa1f1e78d03ed30,BYTE,0xde342a3e269056fc3305f9e315f4c40d917ba521,ethereum,5560654.8597,0.000001768,0xf91cf2dbd54e1281f04f70f528d6f14c79f2d9689e88554c9603ab17924beb25,2026-09-06T00:30:35.652711,profit=None
alert_1788654638_0x8fbd26,sell,0x8fbd26a7cb1ab65834c5ea245aa1f1e78d03ed30,BYTE,0xde342a3e269056fc3305f9e315f4c40d917ba521,ethereum,44631320.3662,0.000001768,0x6e3c41fb69298950d1963b099d5e0c9c939b72b4e9eebfb33b8bae6fd84a5210,2026-09-06T00:30:38.041514,profit=None
alert_1788654640_0x8fbd26,sell,0x8fbd26a7cb1ab65834c5ea245aa1f1e78d03ed30,BYTE,0xde342a3e269056fc3305f9e315f4c40d917ba521,ethereum,7076735.2953,0.000001768,0xff1857c7bee2badce0ee57dbbbc9526ebc5a62b4689a93277dccc71a7c112e33,2026-09-06T00:30:40.453088,profit=None
alert_1788654642_0x8fbd26,sell,0x8fbd26a7cb1ab65834c5ea245aa1f1e78d03ed30,BYTE,0xde342a3e269056fc3305f9e315f4c40d917ba521,ethereum,16887079.9067,0.000001768,0x9afab3aad92dd38bf8ee82d86677dd6a543356782c0cc56fba5f666ea128b485,2026-09-06T00:30:42.857069,profit=None
alert_1788654645_0x8fbd26,sell,0x8fbd26a7cb1ab65834c5ea245aa1f1e78d03ed30,WETH,0xc02aaa39b223fe8d0a0e5c4f27ead9083c756cc2,ethereum,0.0048,2488.19,0x5fe7752b2fcb307174d8dc205d221222c8012f8fb73662a62e69fabc6e7695d3,2026-09-06T00:30:45.309935,profit=None
alert_1788654647_0x8fbd26,sell,0x8fbd26a7cb1ab65834c5ea245aa1f1e78d03ed30,WETH,0xc02aaa39b223fe8d0a0e5c4f27ead9083c756cc2,ethereum,0.1968,2488.19,0xef15223db3097e662df3faa09daca7e618060547618f71d188cb1fc0b47b4597,2026-09-06T00:30:47.706884,profit=None
alert_1788654650_0x8fbd26,sell,0x8fbd26a7cb1ab65834c5ea245aa1f1e78d03ed30,WETH,0xc02aaa39b223fe8d0a0e5c4f27ead9083c756cc2,ethereum,0.0051,2488.19,0x2018c4506a36b46be2ff351397c330ebc4c17338b1e91c349597da849e291936,2026-09-06T00:30:50.100293,profit=None
alert_1788654652_0x8fbd26,sell,0x8fbd26a7cb1ab65834c5ea245aa1f1e78d03ed30,WETH,0xc02aaa39b223fe8d0a0e5c4f27ead9083c756cc2,ethereum,0.0431,2488.19,0x0b0e749897b0fa7bf3a66d0f42dc6583341c7f8c967e962de56e3090eb8dc9fc,2026-09-06T00:30:52.552037,profit=None
alert_1788654654_0x8fbd26,sell,0x8fbd26a7cb1ab65834c5ea245aa1f1e78d03ed30,WETH,0xc02aaa39b223fe8d0a0e5c4f27ead9083c756cc2,ethereum,0.0141,2488.19,0x16d2fa2871124fe8ffbe242985ee7e5f2f11fbd03c92a969f04c84e2be423948,2026-09-06T00:30:54.987301,profit=None
alert_1788654657_0x8fbd26,sell,0x8fbd26a7cb1ab65834c5ea245aa1f1e78d03ed30,WETH,0xc02aaa39b223fe8d0a0e5c4f27ead9083c756cc2,ethereum,0.0141,2488.19,0x6c26b3f0e2ca8ea7659aa38c646b764c58bd46ca753550e834d25418f9cb86d4,2026-09-06T00:30:57.444061,profit=None
alert_1788654659_0x8fbd26,sell,0x8fbd26a7cb1ab65834c5ea245aa1f1e78d03ed30,WETH,0xc02aaa39b223fe8d0a0e5c4f27ead9083c756cc2,ethereum,0.0014,2488.19,0x84b5b293b742fac9fb9a3306ec0a60d27922eb175d3965507f65358e02fa62ab,2026-09-06T00:30:59.832141,profit=None
alert_1788654662_0x8fbd26,sell,0x8fbd26a7cb1ab65834c5ea245aa1f1e78d03ed30,BYTE,0xde342a3e269056fc3305f9e315f4c40d917ba521,ethereum,55198720.2259,0.000001768,0x4b0fa46027fe0fcf2558b461c83cb063fe3f49294c7b308043805d761bdf922a,2026-09-06T00:31:02.237413,profit=None
alert_1788654664_0x8fbd26,sell,0x8fbd26a7cb1ab65834c5ea245aa1f1e78d03ed30,WETH,0xc02aaa39b223fe8d0a0e5c4f27ead9083c756cc2,ethereum,0.8842,2488.19,0x6bf0f10f7c7dabeb86a19ce03c2f78a2c310fd043f58d4a5a0314ce0bea65a10,2026-09-06T00:31:04.637982,profit=None
alert_1788654667_0x8fbd26,sell,0x8fbd26a7cb1ab65834c5ea245aa1f1e78d03ed30,BYTE,0xde342a3e269056fc3305f9e315f4c40d917ba521,ethereum,35339808.0895,0.000001768,0x3ab436dcaaa20796d2019ef26ebd28571787f13f71c4d4b3cae27590dde2ec1f,2026-09-06T00:31:07.051247,profit=None
alert_1788654669_0x8fbd26,sell,0x8fbd26a7cb1ab65834c5ea245aa1f1e78d03ed30,BYTE,0xde342a3e269056fc3305f9e315f4c40d917ba521,ethereum,8322754.5551,0.000001768,0x79bc5185d5080156795a1fd2cf4a49857a8f1c5aa5e5236e70a994dfcc131ef8,2026-09-06T00:31:09.448232,profit=None
alert_1788654672_0x8fbd26,sell,0x8fbd26a7cb1ab65834c5ea245aa1f1e78d03ed30,WETH,0xc02aaa39b223fe8d0a0e5c4f27ead9083c756cc2,ethereum,0.0414,2488.19,0x4312adb37ae171f98597ab1aa32b15c6e988c1cd80013027a5d7aae1292757a5,2026-09-06T00:31:12.253083,profit=None
alert_1788654674_0x8fbd26,sell,0x8fbd26a7cb1ab65834c5ea245aa1f1e78d03ed30,WETH,0xc02aaa39b223fe8d0a0e5c4f27ead9083c756cc2,ethereum,0.1417,2488.19,0x07e7b0d58ce5df79243c73997cdee97f5fd3131e39271408c0ca4a0bbef2dc2e,2026-09-06T00:31:14.973178,profit=None
alert_1788654683_0x8fbd26,sell,0x8fbd26a7cb1ab65834c5ea245aa1f1e78d03ed30,WETH,0xc02aaa39b223fe8d0a0e5c4f27ead9083c756cc2,ethereum,0.0048,2488.19,0x079faca17297511bf7c7648f4eda455f415d6a17646579fe5c6e1cd07552c9fc,2026-09-06T00:31:23.787667,profit=None
alert_1788654686_0x8fbd26,sell,0x8fbd26a7cb1ab65834c5ea245aa1f1e78d03ed30,BYTE,0xde342a3e269056fc3305f9e315f4c40d917ba521,ethereum,205553001.1018,0.000001768,0x4accffe3599639fe7834bc2a4775871dd4ab4ce34659fabace6526d1029fea72,2026-09-06T00:31:26.193710,profit=None
alert_1788654689_0x69c66b,sell,0x69c66beafb06674db41b22cfc50c34a93b8d82a2,WETH,0xc02aaa39b223fe8d0a0e5c4f27ead9083c756cc2,ethereum,0.0016,2488.19,0xc284251c0cd847553fd860ca668d0adb732651dbd9b22885045967d89259e0aa,2026-09-06T00:31:29.665591,profit=None
alert_1788654692_0x69c66b,sell,0x69c66beafb06674db41b22cfc50c34a93b8d82a2,WETH,0xc02aaa39b223fe8d0a0e5c4f27ead9083c756cc2,ethereum,0.2744,2488.19,0xa0f52555e4b5a622b2c52d8a92e218db87e204c36b55c4cc95dc2553a254ae68,2026-09-06T00:31:32.074662,profit=None
alert_1788654694_0x69c66b,sell,0x69c66beafb06674db41b22cfc50c34a93b8d82a2,WETH,0xc02aaa39b223fe8d0a0e5c4f27ead9083c756cc2,ethereum,0.3988,2488.19,0x592af29a5b949728f059691b16ca658bed2434db8fb4166d0e4fd6e3e5ed522f,2026-09-06T00:31:34.473590,profit=None
alert_1788654696_0x69c66b,sell,0x69c66beafb06674db41b22cfc50c34a93b8d82a2,GROK,0x8390a1da07e376ef7add4be859ba74fb83aa02d5,ethereum,3296027.8289,0.0007359,0x0be28361b1b8bacdf7d4e2b2b37134debab021c4fbc36079e28e9b702f227bbc,2026-09-06T00:31:36.976301,profit=None
alert_1788654699_0x69c66b,sell,0x69c66beafb06674db41b22cfc50c34a93b8d82a2,WETH,0xc02aaa39b223fe8d0a0e5c4f27ead9083c756cc2,ethereum,0.0123,2488.19,0x82b2b7d6837df3f950e4e6dcdc8432ccfdb7195c311c55da96a2fbb34a40200c,2026-09-06T00:31:39.402435,profit=None
alert_1788654701_0x69c66b,sell,0x69c66beafb06674db41b22cfc50c34a93b8d82a2,GROK,0x8390a1da07e376ef7add4be859ba74fb83aa02d5,ethereum,94611.1751,0.0007359,0x2c36cfb3fcc180e6a23f0a1cbd065a96e27815c1633e4c000f675b5e00e47e47,2026-09-06T00:31:41.905957,profit=None
alert_1788654704_0x69c66b,sell,0x69c66beafb06674db41b22cfc50c34a93b8d82a2,WETH,0xc02aaa39b223fe8d0a0e5c4f27ead9083c756cc2,ethereum,1.8021,2488.19,0xb46fa5d7d0740c4d252defcd90a6045ec21707b13b5097e97736772ec790cd0f,2026-09-06T00:31:44.289734,profit=None
alert_1788654706_0x69c66b,sell,0x69c66beafb06674db41b22cfc50c34a93b8d82a2,WETH,0xc02aaa39b223fe8d0a0e5c4f27ead9083c756cc2,ethereum,0.3059,2485.8,0x1263061ff9777b9bdef87a6f3dba8c91e4ca12efc50b11089a8ad61b6c832107,2026-09-06T00:31:46.759001,profit=None
alert_1788654709_0x69c66b,sell,0x69c66beafb06674db41b22cfc50c34a93b8d82a2,GROK,0x8390a1da07e376ef7add4be859ba74fb83aa02d5,ethereum,67554.9758,0.0007359,0xdae4bcc7f56d1e2132ae5163a2749dda23b16edf8f8e15797497a9c17a4cc726,2026-09-06T00:31:49.174524,profit=None
alert_1788654711_0x69c66b,sell,0x69c66beafb06674db41b22cfc50c34a93b8d82a2,GROK,0x8390a1da07e376ef7add4be859ba74fb83aa02d5,ethereum,13586.4048,0.0007359,0x802bd0132df88784bfc03d9a7afbde58904a775707a108e3588787ff66ef2cb4,2026-09-06T00:31:51.566842,profit=None
alert_1788654713_0x69c66b,sell,0x69c66beafb06674db41b22cfc50c34a93b8d82a2,GROK,0x8390a1da07e376ef7add4be859ba74fb83aa02d5,ethereum,12212.4385,0.0007359,0xa161b54f65a55af43f72b163879d4f72997e97468a105109278dc8b0dffe0e12,2026-09-06T00:31:53.955963,profit=None
alert_1788654716_0x69c66b,sell,0x69c66beafb06674db41b22cfc50c34a93b8d82a2,GROK,0x8390a1da07e376ef7add4be859ba74fb83aa02d5,ethereum,19230.7161,0.0007359,0x00b77dae68a1c7ab0b0329336acaa9e373e6d884dbf7a6994d633f45ffc6057f,2026-09-06T00:31:56.365300,profit=None
alert_1788654718_0x69c66b,sell,0x69c66beafb06674db41b22cfc50c34a93b8d82a2,WETH,0xc02aaa39b223fe8d0a0e5c4f27ead9083c756cc2,ethereum,0.008,2485.8,0x7f62a0f0fb80d497910078ceaa4ff5c7dc171e459faf9ab10004d90de80cdf1e,2026-09-06T00:31:58.910961,profit=None
alert_1788654721_0x69c66b,sell,0x69c66beafb06674db41b22cfc50c34a93b8d82a2,GROK,0x8390a1da07e376ef7add4be859ba74fb83aa02d5,ethereum,66948.8776,0.0007359,0x73f2ffd003adb50ecafcd22c6a3e8ee6ae3a37cd7047ec6866e4edb9a24d3833,2026-09-06T00:32:01.331820,profit=None
alert_1788654723_0x69c66b,sell,0x69c66beafb06674db41b22cfc50c34a93b8d82a2,GROK,0x8390a1da07e376ef7add4be859ba74fb83aa02d5,ethereum,2688.9074,0.0007359,0x0ae5202262e39827aa33aac24e0944e5994b556eff70c73ff9212b2bc08d493d,2026-09-06T00:32:03.730428,profit=None
alert_1788654726_0x69c66b,sell,0x69c66beafb06674db41b22cfc50c34a93b8d82a2,GROK,0x8390a1da07e376ef7add4be859ba74fb83aa02d5,ethereum,5606.551,0.0007359,0x4dd9871e0984b952aa86fe011d408d7cc23ab0b9632cdd15d2236415a9410132,2026-09-06T00:32:06.137243,profit=None
alert_1788654728_0x69c66b,sell,0x69c66beafb06674db41b22cfc50c34a93b8d82a2,GROK,0x8390a1da07e376ef7add4be859ba74fb83aa02d5,ethereum,9515.9591,0.0007359,0x84e86dfdd0986f6a815c28cf5c66327d2cc0468e88eee9fe68402711aeb1ebb2,2026-09-06T00:32:08.528921,profit=None
alert_1788654730_0x69c66b,sell,0x69c66beafb06674db41b22cfc50c34a93b8d82a2,WETH,0xc02aaa39b223fe8d0a0e5c4f27ead9083c756cc2,ethereum,0.0018,2485.8,0x880a9678c1b1da9f231d0de6e63c7d90d4478d20a36ac5f6246183b9c6343da9,2026-09-06T00:32:10.962482,profit=None
alert_1788654734_0xc56c9d,sell,0xc56c9d4aee66e16aa4a31a710a6d2fc720a626b6,WETH,0xc02aaa39b223fe8d0a0e5c4f27ead9083c756cc2,ethereum,0.0086,2485.8,0x41523ef932a100b624f9431b9a2bcfb3928de232132b8c6e237dfef4529cdeb4,2026-09-06T00:32:14.619692,profit=None
alert_1788654744_0xc56c9d,sell,0xc56c9d4aee66e16aa4a31a710a6d2fc720a626b6,WETH,0xc02aaa39b223fe8d0a0e5c4f27ead9083c756cc2,ethereum,0.0037,2485.8,0xc5798fcad3be4a37abb9080279cc10d7fb51a5e40140dd1d532a0a91b835125d,2026-09-06T00:32:24.030373,profit=None
alert_1788654746_0xc56c9d,sell,0xc56c9d4aee66e16aa4a31a710a6d2fc720a626b6,WETH,0xc02aaa39b223fe8d0a0e5c4f27ead9083c756cc2,ethereum,0.3699,2485.8,0x730d1f87413609123710107617ca0589cb221fb392a7746a5e97ffbc1cf280f3,2026-09-06T00:32:26.421547,profit=None
alert_1788654748_0xc56c9d,sell,0xc56c9d4aee66e16aa4a31a710a6d2fc720a626b6,WETH,0xc02aaa39b223fe8d0a0e5c4f27ead9083c756cc2,ethereum,0.0045,2485.8,0x14c8bc9ad539fcfb8ad45b4cdf652ba320404f873eb815e7fa3c1b1bbb0ccbd5,2026-09-06T00:32:28.842205,profit=None
alert_1788654751_0xc56c9d,sell,0xc56c9d4aee66e16aa4a31a710a6d2fc720a626b6,WETH,0xc02aaa39b223fe8d0a0e5c4f27ead9083c756cc2,ethereum,0.1407,2485.8,0x332a1b88f07ceba872e58d7943d4d7f9d7375ddcfba99914eabe4f0a821e5f0a,2026-09-06T00:32:31.234460,profit=None
alert_1788654753_0xc56c9d,sell,0xc56c9d4aee66e16aa4a31a710a6d2fc720a626b6,ETHCAT,0x777777780838c00038ecd48f63f3c37669322bc8,ethereum,1980797.3914,0.0005335,0x921cd00bb7314d0ec38b8eaf050be295ac7bc123298ce83cc74ea66a5a6f2ebb,2026-09-06T00:32:33.714803,profit=None
alert_1788654756_0xc56c9d,sell,0xc56c9d4aee66e16aa4a31a710a6d2fc720a626b6,WETH,0xc02aaa39b223fe8d0a0e5c4f27ead9083c756cc2,ethereum,0.2024,2485.8,0x3d2e1b04ee7819ec7ce94b86b1d1882db81dd03845f92a16b4fa6b3935d46c88,2026-09-06T00:32:36.113723,profit=None
alert_1788654758_0xc56c9d,sell,0xc56c9d4aee66e16aa4a31a710a6d2fc720a626b6,WETH,0xc02aaa39b223fe8d0a0e5c4f27ead9083c756cc2,ethereum,0.1199,2485.8,0x5a05bcfa824331b2cc71ae438511f9e11148691f195007ebfcb1aed8eb8f0cd7,2026-09-06T00:32:38.516371,profit=None
alert_1788654760_0xc56c9d,sell,0xc56c9d4aee66e16aa4a31a710a6d2fc720a626b6,ETHCAT,0x777777780838c00038ecd48f63f3c37669322bc8,ethereum,90391.143,0.0005335,0x8768361a56f5c00f5cf30532f0b9935d5405067a8b7ff12e841e6f8e62274c1e,2026-09-06T00:32:40.911202,profit=None
alert_1788654763_0xc56c9d,sell,0xc56c9d4aee66e16aa4a31a710a6d2fc720a626b6,ETHCAT,0x777777780838c00038ecd48f63f3c37669322bc8,ethereum,444980.8009,0.0005335,0x90957fcef28894a1fbcd2e8f5cb7e51d2ab1184f9c49cdc2f8c11d166d2226f8,2026-09-06T00:32:43.309578,profit=None
alert_1788654765_0xc56c9d,sell,0xc56c9d4aee66e16aa4a31a710a6d2fc720a626b6,WETH,0xc02aaa39b223fe8d0a0e5c4f27ead9083c756cc2,ethereum,0.2193,2485.8,0x9640484003dc825938112dd4ef936d83a33f4773fa9b89cb29d847bf73cfbdd5,2026-09-06T00:32:45.707032,profit=None
alert_1788654768_0xc56c9d,sell,0xc56c9d4aee66e16aa4a31a710a6d2fc720a626b6,WETH,0xc02aaa39b223fe8d0a0e5c4f27ead9083c756cc2,ethereum,0.012,2486.62,0xa1d1460a4c9ed5c04c421e9fab15bb5fcae03a2c248b27d46635f4490296d052,2026-09-06T00:32:48.152244,profit=None
alert_1788654770_0xc56c9d,sell,0xc56c9d4aee66e16aa4a31a710a6d2fc720a626b6,ETHCAT,0x777777780838c00038ecd48f63f3c37669322bc8,ethereum,276583.3623,0.0005335,0xd26cacd0cc7e7217dddf6259930d5f925ebd4026477ade7459ed60ea81fc311c,2026-09-06T00:32:50.543823,profit=None
alert_1788654772_0xc56c9d,sell,0xc56c9d4aee66e16aa4a31a710a6d2fc720a626b6,WETH,0xc02aaa39b223fe8d0a0e5c4f27ead9083c756cc2,ethereum,0.002,2486.62,0x8841e61d3fb12c3c817d17fedfae7f0d793cccf81be17b296ff386af15369c11,2026-09-06T00:32:52.965325,profit=None
alert_1788654775_0xc56c9d,sell,0xc56c9d4aee66e16aa4a31a710a6d2fc720a626b6,WETH,0xc02aaa39b223fe8d0a0e5c4f27ead9083c756cc2,ethereum,0.0093,2486.62,0xee2452fb5532e10747eab967da4fe0217132eca92a77e3844958b899ffa4a660,2026-09-06T00:32:55.365477,profit=None
alert_1788654777_0xc56c9d,sell,0xc56c9d4aee66e16aa4a31a710a6d2fc720a626b6,ETHCAT,0x777777780838c00038ecd48f63f3c37669322bc8,ethereum,1934078.2235,0.0005335,0x45e34ca711afe1ac76c959de28ed268f8e236bb8a379346d4c2a911dfd5a283f,2026-09-06T00:32:57.803485,profit=None
alert_1788654780_0xc56c9d,sell,0xc56c9d4aee66e16aa4a31a710a6d2fc720a626b6,ETHCAT,0x777777780838c00038ecd48f63f3c37669322bc8,ethereum,502334.7271,0.0005335,0x10a7e0db010517d2d9f557006469ff6a09d1c246e44b559a524dd9c28afde080,2026-09-06T00:33:00.238408,profit=None
alert_1788654782_0xc56c9d,sell,0xc56c9d4aee66e16aa4a31a710a6d2fc720a626b6,WETH,0xc02aaa39b223fe8d0a0e5c4f27ead9083c756cc2,ethereum,0.3737,2486.62,0x5f4e4c851ffcd021613012f38528f1d178377aca3a8744739894608b7e7f4d03,2026-09-06T00:33:02.626205,profit=None
alert_1788654785_0xc56c9d,sell,0xc56c9d4aee66e16aa4a31a710a6d2fc720a626b6,WETH,0xc02aaa39b223fe8d0a0e5c4f27ead9083c756cc2,ethereum,0.0129,2486.62,0x25820214e7d51e713f6ddc23f636fa4d9ffe2cd1277b3233d7eb843e00ee23ee,2026-09-06T00:33:05.012203,profit=None
alert_1788654787_0xc56c9d,sell,0xc56c9d4aee66e16aa4a31a710a6d2fc720a626b6,WETH,0xc02aaa39b223fe8d0a0e5c4f27ead9083c756cc2,ethereum,0.6399,2486.62,0x137deeb5f0161a809ad0da712cae8210c5520597e1cc518528bb5b2af0898514,2026-09-06T00:33:07.421658,profit=None
alert_1788654789_0xc56c9d,sell,0xc56c9d4aee66e16aa4a31a710a6d2fc720a626b6,WETH,0xc02aaa39b223fe8d0a0e5c4f27ead9083c756cc2,ethereum,0.0183,2486.62,0x3919c4243b80a4cff398cbe13b2e3665140c1223a345f684453587afbf22c922,2026-09-06T00:33:09.812557,profit=None
alert_1788654792_0xc56c9d,sell,0xc56c9d4aee66e16aa4a31a710a6d2fc720a626b6,ETHCAT,0x777777780838c00038ecd48f63f3c37669322bc8,ethereum,481008.4422,0.0005335,0xed12e0fcba15b56108b837e2ff27ab34e0a2c42d92e9fc0019dba7eaba6110dc,2026-09-06T00:33:12.600989,profit=None
alert_1788654803_0xc56c9d,sell,0xc56c9d4aee66e16aa4a31a710a6d2fc720a626b6,ETHCAT,0x777777780838c00038ecd48f63f3c37669322bc8,ethereum,763684.1768,0.0005335,0x08f53a153e86c6029ca81cea4b5dbbb9443a1dec25a17113abc6911a24bec9c8,2026-09-06T00:33:23.329580,profit=None
alert_1788654805_0xc56c9d,sell,0xc56c9d4aee66e16aa4a31a710a6d2fc720a626b6,WETH,0xc02aaa39b223fe8d0a0e5c4f27ead9083c756cc2,ethereum,0.0048,2486.62,0x7515f605dcb70ef786f356ed4edd6c23f40ecce02cfcbba82149185b8e1f0bce,2026-09-06T00:33:25.721701,profit=None
alert_1788654808_0xc56c9d,sell,0xc56c9d4aee66e16aa4a31a710a6d2fc720a626b6,ETHCAT,0x777777780838c00038ecd48f63f3c37669322bc8,ethereum,35103.3318,0.0005335,0x9118ccc16cfa3bdcdcd8c95860b91d945932a242889c2bb1ee336c543bf2b1ce,2026-09-06T00:33:28.168102,profit=None
alert_1788654810_0xc56c9d,sell,0xc56c9d4aee66e16aa4a31a710a6d2fc720a626b6,WETH,0xc02aaa39b223fe8d0a0e5c4f27ead9083c756cc2,ethereum,0.0253,2486.62,0x4f22261fa7cf6b2d399b2b740005c75a2414f8b7489b0a40132d69f46009d58a,2026-09-06T00:33:30.571121,profit=None
alert_1788654812_0xc56c9d,sell,0xc56c9d4aee66e16aa4a31a710a6d2fc720a626b6,ETHCAT,0x777777780838c00038ecd48f63f3c37669322bc8,ethereum,467665.5402,0.0005335,0x43b44b16d676aedd7b585db2a83bb7d655e64eb32f042bcc8ee6484e208da3ea,2026-09-06T00:33:32.977204,profit=None
alert_1788654815_0xc56c9d,buy,0xc56c9d4aee66e16aa4a31a710a6d2fc720a626b6,WETH,0xc02aaa39b223fe8d0a0e5c4f27ead9083c756cc2,ethereum,0.0034,2486.62,0x17190fc256a7ef2531673681677644c2cb0c72f71a88afe3cc49a9a8f4dcced6,2026-09-06T00:33:35.365795,whale buy
alert_1788654817_0xc56c9d,sell,0xc56c9d4aee66e16aa4a31a710a6d2fc720a626b6,WETH,0xc02aaa39b223fe8d0a0e5c4f27ead9083c756cc2,ethereum,0.7187,2486.62,0x2d1d964b4701b88d7060402e0bd11f37b89d24f584282f749b8e48c8866c1bb3,2026-09-06T00:33:37.757691,profit=0.0
alert_1788654820_0xc56c9d,sell,0xc56c9d4aee66e16aa4a31a710a6d2fc720a626b6,ETHCAT,0x777777780838c00038ecd48f63f3c37669322bc8,ethereum,503406.7318,0.0005292,0x03e077028d9ef0b19dbcca46c3be4ac9d8a95816842ccf50b25cac1380cffc1d,2026-09-06T00:33:40.315004,profit=None
alert_1788654822_0xc56c9d,sell,0xc56c9d4aee66e16aa4a31a710a6d2fc720a626b6,ETHCAT,0x777777780838c00038ecd48f63f3c37669322bc8,ethereum,1192688.4236,0.0005292,0x316b70d4ec1b7f3718f7b23cacabf3d45dc5e83117f3c55bae26679c9097c1b3,2026-09-06T00:33:42.709824,profit=None
alert_1788654825_0xc56c9d,sell,0xc56c9d4aee66e16aa4a31a710a6d2fc720a626b6,WETH,0xc02aaa39b223fe8d0a0e5c4f27ead9083c756cc2,ethereum,0.0855,2486.62,0x6adeb8ca09b01cd2db0c981b9843f8d694ae63a525373b35e758b64f74c5a622,2026-09-06T00:33:45.112671,profit=0.0
alert_1788654827_0xc56c9d,sell,0xc56c9d4aee66e16aa4a31a710a6d2fc720a626b6,ETHCAT,0x777777780838c00038ecd48f63f3c37669322bc8,ethereum,617611.9407,0.0005292,0xbe002bccaac1496931c8332876bb2c0f48c82350a05d77cd1ee3c02ca042834c,2026-09-06T00:33:47.508056,profit=None
alert_1788654829_0xc56c9d,sell,0xc56c9d4aee66e16aa4a31a710a6d2fc720a626b6,ETHCAT,0x777777780838c00038ecd48f63f3c37669322bc8,ethereum,409724.8141,0.0005292,0x2e9cedf95ba2c6ec5b7bc6582a14ce6d213df84b0294fec056f31183da4b5ca6,2026-09-06T00:33:49.905623,profit=None
alert_1788654832_0xc56c9d,sell,0xc56c9d4aee66e16aa4a31a710a6d2fc720a626b6,ETHCAT,0x777777780838c00038ecd48f63f3c37669322bc8,ethereum,1836449.1147,0.0005292,0x6f2ab034fc8b0658c007d68b46a3bffe71497450d3d7b690d9c9d7e106e6eaef,2026-09-06T00:33:52.339088,profit=None
alert_1788654834_0xc56c9d,sell,0xc56c9d4aee66e16aa4a31a710a6d2fc720a626b6,WETH,0xc02aaa39b223fe8d0a0e5c4f27ead9083c756cc2,ethereum,0.0397,2487.47,0xafada3604a35dec132627b894cb71513b0e94ce264710435a2be21dcf81deeb0,2026-09-06T00:33:54.785897,profit=0.03418294713305246
alert_1788654837_0xc56c9d,sell,0xc56c9d4aee66e16aa4a31a710a6d2fc720a626b6,WETH,0xc02aaa39b223fe8d0a0e5c4f27ead9083c756cc2,ethereum,0.1,2487.47,0x4dc5467969c632eee0bcc3cdfb39b9d5ef107820ae8cb61d12c1a76621cbba1b,2026-09-06T00:33:57.181891,profit=0.03418294713305246
alert_1788654839_0xc56c9d,sell,0xc56c9d4aee66e16aa4a31a710a6d2fc720a626b6,WETH,0xc02aaa39b223fe8d0a0e5c4f27ead9083c756cc2,ethereum,0.6997,2487.47,0x060cfc81d49e065c0c7b1e2680937334f160b0f6ba332fdc3c0055997e4af5f6,2026-09-06T00:33:59.571846,profit=0.03418294713305246
alert_1788654841_0xc56c9d,sell,0xc56c9d4aee66e16aa4a31a710a6d2fc720a626b6,ETHCAT,0x777777780838c00038ecd48f63f3c37669322bc8,ethereum,198847.1924,0.0005292,0x0541b2b79ed3ff5f9a388a615fcfc37288698fecd1cf079e1e016ebd4d9aaff7,2026-09-06T00:34:01.997010,profit=None
alert_1788654844_0xc56c9d,sell,0xc56c9d4aee66e16aa4a31a710a6d2fc720a626b6,ETHCAT,0x777777780838c00038ecd48f63f3c37669322bc8,ethereum,3214605.5669,0.0005292,0x2cddf1ef3865fe39375ea78527858e06e2f32bbb75f9325be33ba9550f3d608a,2026-09-06T00:34:04.405432,profit=None
alert_1788740189_0x52c77b,promote,0x52c77b0cb827afbad022e6d6caf2c44452edbc39,,,ethereum,0,0,promote_0x52c77b0c,2026-09-07T00:16:29.622533,promoted to whale
alert_1788740193_0x750874,sell,0x750874e6fb8dca30ce41d445e4baf8c76971f912,CATALORIAN,0x8baf5d75cae25c7df6d1e0d26c52d19ee848301a,ethereum,506289.9815,0.0001964,0x37e70504c0e4840732dd588c6663c18132100808f65c791e4a24a77835768b41,2026-09-07T00:16:33.151654,profit=None
alert_1788740195_0x750874,sell,0x750874e6fb8dca30ce41d445e4baf8c76971f912,WETH,0xc02aaa39b223fe8d0a0e5c4f27ead9083c756cc2,ethereum,0.0181,2514.73,0xca2d5b0c5ed2d4d60553ef0c0d40ebd8f6ddf3163580ccb890e4b58928b070c9,2026-09-07T00:16:35.619767,profit=None
alert_1788740198_0x750874,sell,0x750874e6fb8dca30ce41d445e4baf8c76971f912,WETH,0xc02aaa39b223fe8d0a0e5c4f27ead9083c756cc2,ethereum,0.008,2514.73,0x2fceda5bdee6d249c0be9d4fa0d45657d6f0039b6c9c79da7faa39497c59fff7,2026-09-07T00:16:38.101828,profit=None
alert_1788740200_0x750874,sell,0x750874e6fb8dca30ce41d445e4baf8c76971f912,WETH,0xc02aaa39b223fe8d0a0e5c4f27ead9083c756cc2,ethereum,0.1027,2514.73,0x8fde7a51f7ae0ee9525f12dd20c9ef660a1b84e0223da788da2af31f76c30af1,2026-09-07T00:16:40.571936,profit=None
alert_1788740203_0x750874,sell,0x750874e6fb8dca30ce41d445e4baf8c76971f912,CATALORIAN,0x8baf5d75cae25c7df6d1e0d26c52d19ee848301a,ethereum,101287.1155,0.0001964,0xc59fedf69808989d16f08bbeb8b8f5d71b5b344b1a73c41387b14f3b6031018e,2026-09-07T00:16:43.039869,profit=None
alert_1788740206_0x69c7bd,sell,0x69c7bd26512f52bf6f76fab834140d13dda673ca,WETH,0xc02aaa39b223fe8d0a0e5c4f27ead9083c756cc2,ethereum,0.2158,2514.73,0xc619376cec9985b1ef5e651e04778c9456b811276c96ee9dfa10e3821d078f74,2026-09-07T00:16:46.846931,profit=None
alert_1788740209_0x69c7bd,sell,0x69c7bd26512f52bf6f76fab834140d13dda673ca,WETH,0xc02aaa39b223fe8d0a0e5c4f27ead9083c756cc2,ethereum,0.279,2514.73,0xceb650f00241350ab0df50e1ef9867b0eed84647e09370efe9a63c41d722b1db,2026-09-07T00:16:49.317506,profit=None
alert_1788740211_0x69c7bd,sell,0x69c7bd26512f52bf6f76fab834140d13dda673ca,WETH,0xc02aaa39b223fe8d0a0e5c4f27ead9083c756cc2,ethereum,0.2841,2514.73,0xcfb2b9ff839c6ba12a87ab7a1f17b5c57d39a4772a4dd8ab91c7bdbe9e8078d9,2026-09-07T00:16:51.831841,profit=None
alert_1788740214_0x69c7bd,sell,0x69c7bd26512f52bf6f76fab834140d13dda673ca,WETH,0xc02aaa39b223fe8d0a0e5c4f27ead9083c756cc2,ethereum,0.1202,2514.73,0xea66bd7567b0fabbd54fc89d0747a45f399398356e0917681067b7e2088f8d1e,2026-09-07T00:16:54.331499,profit=None
alert_1788740216_0x69c7bd,sell,0x69c7bd26512f52bf6f76fab834140d13dda673ca,WETH,0xc02aaa39b223fe8d0a0e5c4f27ead9083c756cc2,ethereum,0.2614,2514.73,0x27903b99278a87f06512507e02161b770250f1a305d588b932816467438a025f,2026-09-07T00:16:56.839377,profit=None
alert_1788740219_0x69c7bd,sell,0x69c7bd26512f52bf6f76fab834140d13dda673ca,NPC,0x8ed97a637a790be1feff5e888d43629dc05408f6,ethereum,5588.8015,0.0205,0x100b45c0bfff2b3b0c67d74878c746ee2576f83bf8fbc7934e749421b5029eb3,2026-09-07T00:16:59.475545,profit=None
alert_1788740222_0x69c7bd,sell,0x69c7bd26512f52bf6f76fab834140d13dda673ca,WETH,0xc02aaa39b223fe8d0a0e5c4f27ead9083c756cc2,ethereum,0.148,2513.24,0x9b4aa483037107dca8d553f98ef9d985ae4aa5be327b98105e69cbe368eccba8,2026-09-07T00:17:02.082305,profit=None
alert_1788740224_0x69c7bd,sell,0x69c7bd26512f52bf6f76fab834140d13dda673ca,NPC,0x8ed97a637a790be1feff5e888d43629dc05408f6,ethereum,1737.8143,0.0205,0x3747a4d909211c1638ee33ab8ad2950d7e1d13d945e0e73fa1655ade44c67b14,2026-09-07T00:17:04.537968,profit=None
alert_1788740227_0x69c7bd,sell,0x69c7bd26512f52bf6f76fab834140d13dda673ca,NPC,0x8ed97a637a790be1feff5e888d43629dc05408f6,ethereum,3.4416,0.0205,0x506cc9770d031451b1c169060003754bc40b075b697bb593eade2d79b08e7840,2026-09-07T00:17:07.068030,profit=None
alert_1788740229_0x69c7bd,sell,0x69c7bd26512f52bf6f76fab834140d13dda673ca,WETH,0xc02aaa39b223fe8d0a0e5c4f27ead9083c756cc2,ethereum,0.1805,2513.24,0xc5db0c841b9eb167d5cc9f6d0476f17122f5df4c09ae5f5c66bb4f3fbbb93e52,2026-09-07T00:17:09.573864,profit=None
alert_1788740232_0x69c7bd,sell,0x69c7bd26512f52bf6f76fab834140d13dda673ca,WETH,0xc02aaa39b223fe8d0a0e5c4f27ead9083c756cc2,ethereum,0.0395,2513.24,0x3183c71a570ab6370ed6cdc8336c003f058f0f1cdf64baf84b6454698c48681a,2026-09-07T00:17:12.059942,profit=None
alert_1788740234_0x69c7bd,sell,0x69c7bd26512f52bf6f76fab834140d13dda673ca,NPC,0x8ed97a637a790be1feff5e888d43629dc05408f6,ethereum,47798.6825,0.0205,0xe74d06721ecf6069fa99ed784d86b0d03d00619392be2a7ef067552c41f5b4d1,2026-09-07T00:17:14.534177,profit=None
alert_1788740236_0x69c7bd,sell,0x69c7bd26512f52bf6f76fab834140d13dda673ca,NPC,0x8ed97a637a790be1feff5e888d43629dc05408f6,ethereum,23959.819,0.0205,0x23e3e1963ecc1fbcd65ffec00d4201d268b4003da77ee67172e5b149faef8a7b,2026-09-07T00:17:16.994037,profit=None
alert_1788740239_0x69c7bd,sell,0x69c7bd26512f52bf6f76fab834140d13dda673ca,NPC,0x8ed97a637a790be1feff5e888d43629dc05408f6,ethereum,2250.0,0.0205,0x22b86b011b32495d087fd7b4c37f47b0e8ddee228c7a2a4c400c3a5579fe0af7,2026-09-07T00:17:19.448692,profit=None
alert_1788740249_0x69c7bd,sell,0x69c7bd26512f52bf6f76fab834140d13dda673ca,NPC,0x8ed97a637a790be1feff5e888d43629dc05408f6,ethereum,42397.9882,0.0205,0x611888f9f0e099ff2a75aed8f11b0b49a965ae8c48cecd523357d285deb0e5b8,2026-09-07T00:17:29.916772,profit=None
alert_1788740252_0x69c7bd,sell,0x69c7bd26512f52bf6f76fab834140d13dda673ca,WETH,0xc02aaa39b223fe8d0a0e5c4f27ead9083c756cc2,ethereum,0.1411,2513.24,0x7c159bcc4565ab4489efce2de78db5f57f2127578c3e768e821ac28f5d69c152,2026-09-07T00:17:32.399819,profit=None
alert_1788740254_0x69c7bd,sell,0x69c7bd26512f52bf6f76fab834140d13dda673ca,WETH,0xc02aaa39b223fe8d0a0e5c4f27ead9083c756cc2,ethereum,0.459,2513.24,0x927d2b4e5a7bdb542232d094002ec0fd9be54790a3fff3284ded3ef207d63630,2026-09-07T00:17:34.886719,profit=None
alert_1788740257_0x69c7bd,sell,0x69c7bd26512f52bf6f76fab834140d13dda673ca,NPC,0x8ed97a637a790be1feff5e888d43629dc05408f6,ethereum,96.0152,0.0205,0x79faa1858d4d4a4b73fa25665085cde78f3932cddd883ef94567ff3fefc12370,2026-09-07T00:17:37.348083,profit=None
alert_1788740259_0x69c7bd,sell,0x69c7bd26512f52bf6f76fab834140d13dda673ca,NPC,0x8ed97a637a790be1feff5e888d43629dc05408f6,ethereum,41.9158,0.0205,0xd3cc9d23996ef8d4f64566da047a0f59f53953ec5d9c4457270b92c1f4eba6d0,2026-09-07T00:17:39.815355,profit=None
alert_1788740262_0x69c7bd,sell,0x69c7bd26512f52bf6f76fab834140d13dda673ca,NPC,0x8ed97a637a790be1feff5e888d43629dc05408f6,ethereum,12.5078,0.0205,0xd7c720c87450b873425b7d25160651742f776b95cc636e6e2b8e70fd5ab770ef,2026-09-07T00:17:42.272683,profit=None
alert_1788740264_0x69c7bd,sell,0x69c7bd26512f52bf6f76fab834140d13dda673ca,WETH,0xc02aaa39b223fe8d0a0e5c4f27ead9083c756cc2,ethereum,0.1198,2513.24,0x4f8a10c81d21fb673a4eb36cbe8ba9de0f04c32e98cfb4858d303b7c34f61b7f,2026-09-07T00:17:44.735945,profit=None
alert_1788740267_0x69c7bd,sell,0x69c7bd26512f52bf6f76fab834140d13dda673ca,WETH,0xc02aaa39b223fe8d0a0e5c4f27ead9083c756cc2,ethereum,0.1199,2513.24,0xca1b7eae1d0f39c27b424054995b0d92116a12e9e87673d7bee0bfd01970b283,2026-09-07T00:17:47.204409,profit=None
alert_1788740269_0x69c7bd,sell,0x69c7bd26512f52bf6f76fab834140d13dda673ca,WETH,0xc02aaa39b223fe8d0a0e5c4f27ead9083c756cc2,ethereum,0.1199,2513.24,0xd146ea5a2c8d401f5938634005aa9d0fbce3b0e8d67df2739b5247e02b371b4f,2026-09-07T00:17:49.656814,profit=None
alert_1788740272_0x69c7bd,sell,0x69c7bd26512f52bf6f76fab834140d13dda673ca,WETH,0xc02aaa39b223fe8d0a0e5c4f27ead9083c756cc2,ethereum,0.1199,2513.24,0x16558cc7ded8809a9a22c7f1c1d1027461bee0ba081ec35fd7644300a594c423,2026-09-07T00:17:52.119400,profit=None
alert_1788740274_0x69c7bd,sell,0x69c7bd26512f52bf6f76fab834140d13dda673ca,WETH,0xc02aaa39b223fe8d0a0e5c4f27ead9083c756cc2,ethereum,0.2069,2513.24,0x2049f8723e72ef8d702f1b8228989a23398edbb1cbfad00a5435abcc9b966497,2026-09-07T00:17:54.576590,profit=None
alert_1788740277_0x69c7bd,sell,0x69c7bd26512f52bf6f76fab834140d13dda673ca,WETH,0xc02aaa39b223fe8d0a0e5c4f27ead9083c756cc2,ethereum,0.12,2513.24,0xc28d812515538628766e3401693d074d137fa1082580c76170737a4ed5bef7f6,2026-09-07T00:17:57.075333,profit=None
alert_1788740279_0x69c7bd,sell,0x69c7bd26512f52bf6f76fab834140d13dda673ca,WETH,0xc02aaa39b223fe8d0a0e5c4f27ead9083c756cc2,ethereum,0.1199,2513.24,0x9c2559d3bae765932653ffd27281d8962f2cd8a56931f6b4ce2bf974bca18991,2026-09-07T00:17:59.556405,profit=None
alert_1788740282_0x69c7bd,sell,0x69c7bd26512f52bf6f76fab834140d13dda673ca,WETH,0xc02aaa39b223fe8d0a0e5c4f27ead9083c756cc2,ethereum,0.2387,2513.24,0xdf2d70da997d91559ecbe8f9d4ee3d4552f6852ddba37dc9be8d0b4d1633a23d,2026-09-07T00:18:02.036569,profit=None
alert_1788740284_0x69c7bd,sell,0x69c7bd26512f52bf6f76fab834140d13dda673ca,NPC,0x8ed97a637a790be1feff5e888d43629dc05408f6,ethereum,583.2646,0.0205,0x6c2afbd49a96b0ffa02d6b19b7259edd9d961aa470652ee53f27a016583c1638,2026-09-07T00:18:04.613759,profit=None
alert_1788740287_0x69c7bd,sell,0x69c7bd26512f52bf6f76fab834140d13dda673ca,NPC,0x8ed97a637a790be1feff5e888d43629dc05408f6,ethereum,3554.5325,0.0205,0xf604af72ef08fb7c6454127c568acfe849e17fa66069bf56d3a7c3bca246b811,2026-09-07T00:18:07.085596,profit=None
alert_1788740289_0x69c7bd,sell,0x69c7bd26512f52bf6f76fab834140d13dda673ca,WETH,0xc02aaa39b223fe8d0a0e5c4f27ead9083c756cc2,ethereum,0.0008,2511.44,0xc25738726b96e791cb9b249e6370763969e2320dfc1b832a110d9a2d3ebc5b3e,2026-09-07T00:18:09.593112,profit=None
alert_1788740292_0x69c7bd,sell,0x69c7bd26512f52bf6f76fab834140d13dda673ca,NPC,0x8ed97a637a790be1feff5e888d43629dc05408f6,ethereum,26287.12,0.0205,0xb20ca9f7a4967bc29384cd0c86d8fbdd92d2511d2f5e2a094162189d5665ef94,2026-09-07T00:18:12.047141,profit=None
alert_1788740294_0x69c7bd,sell,0x69c7bd26512f52bf6f76fab834140d13dda673ca,NPC,0x8ed97a637a790be1feff5e888d43629dc05408f6,ethereum,11082.5718,0.0205,0x2265ae3ad3fed47223ffd5038ec5eb5e192e3d93c2068d2c6e0ac60ae7c9b769,2026-09-07T00:18:14.528050,profit=None
alert_1788740297_0x69c7bd,sell,0x69c7bd26512f52bf6f76fab834140d13dda673ca,WETH,0xc02aaa39b223fe8d0a0e5c4f27ead9083c756cc2,ethereum,0.1785,2511.44,0x827dbf07f5515a51ac34504e495c9ef098b163a945af3de9a3f0cee2e3fb023a,2026-09-07T00:18:17.018411,profit=None
alert_1788740299_0x69c7bd,sell,0x69c7bd26512f52bf6f76fab834140d13dda673ca,WETH,0xc02aaa39b223fe8d0a0e5c4f27ead9083c756cc2,ethereum,0.1304,2511.44,0x9b026abe90615e118c291f2826f74379fc919e76a7b3375e2d1035077c8bdb65,2026-09-07T00:18:19.867237,profit=None
alert_1788740312_0x69c7bd,sell,0x69c7bd26512f52bf6f76fab834140d13dda673ca,NPC,0x8ed97a637a790be1feff5e888d43629dc05408f6,ethereum,26815.1907,0.0205,0xfb2395fc338c16420eca2b6576506df42006e422d4490dc9dabbff8739436ac1,2026-09-07T00:18:32.962526,profit=None
alert_1788740315_0x69c7bd,sell,0x69c7bd26512f52bf6f76fab834140d13dda673ca,WETH,0xc02aaa39b223fe8d0a0e5c4f27ead9083c756cc2,ethereum,1.9865,2511.44,0x384d568b73d4ebb72ee9d6c289b583d6538cd867acf1644cb4dfb7ace0a63f54,2026-09-07T00:18:35.478035,profit=None
alert_1788740317_0x69c7bd,sell,0x69c7bd26512f52bf6f76fab834140d13dda673ca,NPC,0x8ed97a637a790be1feff5e888d43629dc05408f6,ethereum,517.7501,0.0205,0xd65d5430690419d2a51323a40b528dc94727b9b4c37fc5843abeaf71e497b627,2026-09-07T00:18:37.977769,profit=None
alert_1788740320_0x69c7bd,sell,0x69c7bd26512f52bf6f76fab834140d13dda673ca,WETH,0xc02aaa39b223fe8d0a0e5c4f27ead9083c756cc2,ethereum,0.1317,2511.44,0xcfa78821055d8124ff51c1c5db4a0f7b0b470b32c8dccd99b63d82e7621f0fd8,2026-09-07T00:18:40.503814,profit=None
alert_1788740322_0x69c7bd,sell,0x69c7bd26512f52bf6f76fab834140d13dda673ca,NPC,0x8ed97a637a790be1feff5e888d43629dc05408f6,ethereum,7903.4814,0.0205,0x9f3dfb1cd2ea0649fc26470d46d32f60efa17258b957f7febe0515fe4fea727d,2026-09-07T00:18:42.988084,profit=None
alert_1788740326_0x7dfc9d,sell,0x7dfc9dd51638573a812b39d33eded20df468e7bc,WETH,0xc02aaa39b223fe8d0a0e5c4f27ead9083c756cc2,ethereum,0.0111,2511.44,0xefb62697906ad2c7399d7f2a56aa73c499866ab97f5715681bd69d78c71583ca,2026-09-07T00:18:46.708868,profit=None
alert_1788740329_0x7dfc9d,sell,0x7dfc9dd51638573a812b39d33eded20df468e7bc,ASTEROID,0xaff2565091e7207191dbe340b8528d02fa78d044,ethereum,101883.2926,0.002543,0x009d854807373779f44d47405fcca1063d84fb50adbf3d2a9b02e0a6d03d03ea,2026-09-07T00:18:49.270051,profit=None
alert_1788740331_0x7dfc9d,sell,0x7dfc9dd51638573a812b39d33eded20df468e7bc,WETH,0xc02aaa39b223fe8d0a0e5c4f27ead9083c756cc2,ethereum,0.0582,2511.44,0xd7b0debd0c94d2ec214ae6e471a82d7574850168c29f3d5ecd8ec63c52bda2ba,2026-09-07T00:18:51.810173,profit=None
alert_1788740334_0x7dfc9d,sell,0x7dfc9dd51638573a812b39d33eded20df468e7bc,ASTEROID,0xaff2565091e7207191dbe340b8528d02fa78d044,ethereum,165.1519,0.002543,0xc3a3a2deb47ffa762acd0227c648f219974dbcecdf044df3c6f9d740f787cdeb,2026-09-07T00:18:54.272383,profit=None
alert_1788740336_0x7dfc9d,sell,0x7dfc9dd51638573a812b39d33eded20df468e7bc,WETH,0xc02aaa39b223fe8d0a0e5c4f27ead9083c756cc2,ethereum,0.101,2511.44,0x1519b765f0d3f9f87915d094d10a3bcf1683ad2b7636caeec6a1ff653b927795,2026-09-07T00:18:56.732678,profit=None
alert_1788740339_0x7dfc9d,sell,0x7dfc9dd51638573a812b39d33eded20df468e7bc,WETH,0xc02aaa39b223fe8d0a0e5c4f27ead9083c756cc2,ethereum,0.0167,2511.44,0x3e574d33980cf02bcfdb156375c6d24ab3004792da9393b712dbf666277e8678,2026-09-07T00:18:59.190149,profit=None
alert_1788740341_0x7dfc9d,sell,0x7dfc9dd51638573a812b39d33eded20df468e7bc,WETH,0xc02aaa39b223fe8d0a0e5c4f27ead9083c756cc2,ethereum,0.0557,2511.44,0x3ef4c8368b14907804f675f5ca857f1fda6eb607ce7e25d04af1716cdd55e129,2026-09-07T00:19:01.685706,profit=None
alert_1788740344_0x7dfc9d,sell,0x7dfc9dd51638573a812b39d33eded20df468e7bc,WETH,0xc02aaa39b223fe8d0a0e5c4f27ead9083c756cc2,ethereum,0.3091,2511.44,0x7a5974ad77d688d484026ae6a04ef07e6bfdbc472afd2c06d874d54e211bce82,2026-09-07T00:19:04.168127,profit=None
alert_1788740346_0x7dfc9d,sell,0x7dfc9dd51638573a812b39d33eded20df468e7bc,WETH,0xc02aaa39b223fe8d0a0e5c4f27ead9083c756cc2,ethereum,0.005,2511.44,0x033ab74b5ea7fedb0fbe1015995ec5e52f061ac056c3b88ec4e99ddd56f0d654,2026-09-07T00:19:06.646861,profit=None
alert_1788740349_0x7dfc9d,sell,0x7dfc9dd51638573a812b39d33eded20df468e7bc,WETH,0xc02aaa39b223fe8d0a0e5c4f27ead9083c756cc2,ethereum,0.1147,2511.44,0x4d6e314f4491571b4e02667587d7abfab02a01006794f211bdf2da2b6e185173,2026-09-07T00:19:09.132053,profit=None
alert_1788740351_0x7dfc9d,sell,0x7dfc9dd51638573a812b39d33eded20df468e7bc,WETH,0xc02aaa39b223fe8d0a0e5c4f27ead9083c756cc2,ethereum,0.5881,2511.11,0x537f8605a233bc9d9ba23270a0817b15dff5ac501c2a2d9a5e3b9bf16e3716b9,2026-09-07T00:19:11.731730,profit=None
alert_1788740354_0x7dfc9d,sell,0x7dfc9dd51638573a812b39d33eded20df468e7bc,WETH,0xc02aaa39b223fe8d0a0e5c4f27ead9083c756cc2,ethereum,0.0539,2511.11,0x65b3b7b6860d0dad79da1fedaa8616957e6f4bcc05e6d70c21dc94d6b8418d88,2026-09-07T00:19:14.246625,profit=None
alert_1788740356_0x7dfc9d,sell,0x7dfc9dd51638573a812b39d33eded20df468e7bc,WETH,0xc02aaa39b223fe8d0a0e5c4f27ead9083c756cc2,ethereum,0.0396,2511.11,0x95a540641ff96d55d1a00a267793a684564cc63e6579135200264f6f6c315e62,2026-09-07T00:19:16.707061,profit=None
alert_1788740359_0x7dfc9d,sell,0x7dfc9dd51638573a812b39d33eded20df468e7bc,ASTEROID,0xaff2565091e7207191dbe340b8528d02fa78d044,ethereum,78607.1611,0.002543,0xfdefb46135c45a47f667df5e5a5aaa9fbc0fadd8fec36fb66b2ea9163cd21426,2026-09-07T00:19:19.176241,profit=None
alert_1788740361_0x7dfc9d,sell,0x7dfc9dd51638573a812b39d33eded20df468e7bc,WETH,0xc02aaa39b223fe8d0a0e5c4f27ead9083c756cc2,ethereum,0.311,2511.11,0x77ba04a64b2551fb8489a7168304602f1d45fd95056e19c5f37d8dd43e97b449,2026-09-07T00:19:21.631468,profit=None
alert_1788740372_0x7dfc9d,sell,0x7dfc9dd51638573a812b39d33eded20df468e7bc,WETH,0xc02aaa39b223fe8d0a0e5c4f27ead9083c756cc2,ethereum,0.0623,2511.11,0x4ea130f6cd361f3afe80f18ef9b0c1a3355b4934dc9cead5756ef1c4e300a7bf,2026-09-07T00:19:32.476417,profit=None
alert_1788740374_0x7dfc9d,sell,0x7dfc9dd51638573a812b39d33eded20df468e7bc,ASTEROID,0xaff2565091e7207191dbe340b8528d02fa78d044,ethereum,116106.9476,0.002543,0xa6e7e9dfe9151b0ca9731322fcda97c6da9af28f203144512764c5ddb22ac1d2,2026-09-07T00:19:34.977989,profit=None
alert_1788740377_0x7dfc9d,sell,0x7dfc9dd51638573a812b39d33eded20df468e7bc,WETH,0xc02aaa39b223fe8d0a0e5c4f27ead9083c756cc2,ethereum,0.0076,2511.11,0x0df296f57e398f1d9faa1376e4b7272127dc498422b2cf5ad1daac4633e6a612,2026-09-07T00:19:37.429575,profit=None
alert_1788740379_0x7dfc9d,sell,0x7dfc9dd51638573a812b39d33eded20df468e7bc,WETH,0xc02aaa39b223fe8d0a0e5c4f27ead9083c756cc2,ethereum,0.0952,2511.11,0x568330d69a356be047e1c42593e4c64a799578665c936616fb8af3c5a6593e66,2026-09-07T00:19:39.895838,profit=None
alert_1788740382_0x7dfc9d,sell,0x7dfc9dd51638573a812b39d33eded20df468e7bc,WETH,0xc02aaa39b223fe8d0a0e5c4f27ead9083c756cc2,ethereum,0.0202,2511.11,0x4344d0630cf5a366132271cbd6cb0abded1bb3274ecf311c2270e6053fb9ac8c,2026-09-07T00:19:42.358723,profit=None
alert_1788740384_0x7dfc9d,sell,0x7dfc9dd51638573a812b39d33eded20df468e7bc,WETH,0xc02aaa39b223fe8d0a0e5c4f27ead9083c756cc2,ethereum,0.8367,2511.11,0xdaada02aa3030e5269c443b95b2085b644ce489fafeb94ddabfd4096eea5b349,2026-09-07T00:19:44.813990,profit=None
alert_1788740387_0x7dfc9d,sell,0x7dfc9dd51638573a812b39d33eded20df468e7bc,ASTEROID,0xaff2565091e7207191dbe340b8528d02fa78d044,ethereum,19443.6499,0.002543,0xd7da57c670259da2cbe55ea9af26b614faface4a449b1a42ba0ff94d19e6f988,2026-09-07T00:19:47.286445,profit=None
alert_1788740389_0x7dfc9d,sell,0x7dfc9dd51638573a812b39d33eded20df468e7bc,WETH,0xc02aaa39b223fe8d0a0e5c4f27ead9083c756cc2,ethereum,0.4652,2511.11,0xc7c35c857ecc69473991494487ea6c277c6c8ab46b26d8355d1318754df0bb97,2026-09-07T00:19:49.735104,profit=None
alert_1788740392_0x7dfc9d,sell,0x7dfc9dd51638573a812b39d33eded20df468e7bc,WETH,0xc02aaa39b223fe8d0a0e5c4f27ead9083c756cc2,ethereum,0.1536,2511.11,0xefcc80fd9709e494c540c3444013fe384c1d7d55f42918b97a4156164e036ff9,2026-09-07T00:19:52.201391,profit=None
alert_1788740394_0x7dfc9d,sell,0x7dfc9dd51638573a812b39d33eded20df468e7bc,ASTEROID,0xaff2565091e7207191dbe340b8528d02fa78d044,ethereum,19239.1519,0.002543,0x206028cf9dfd59363b6db1c0ec92005e4ac5369e655969e4ea41814f41432f2b,2026-09-07T00:19:54.924665,profit=None
alert_1788740397_0x7dfc9d,sell,0x7dfc9dd51638573a812b39d33eded20df468e7bc,WETH,0xc02aaa39b223fe8d0a0e5c4f27ead9083c756cc2,ethereum,0.004,2511.11,0x8d9545315efc82f36d70f7bf8f798c33c0f7401553ef077bb52a170697b6ca9c,2026-09-07T00:19:57.443392,profit=None
alert_1788740399_0x7dfc9d,sell,0x7dfc9dd51638573a812b39d33eded20df468e7bc,WETH,0xc02aaa39b223fe8d0a0e5c4f27ead9083c756cc2,ethereum,0.0011,2511.11,0xf39cedb5ca3a3393765807ebd050077b2070396a32e512555478d975b147cc88,2026-09-07T00:19:59.924973,profit=None
alert_1788740402_0x7dfc9d,sell,0x7dfc9dd51638573a812b39d33eded20df468e7bc,WETH,0xc02aaa39b223fe8d0a0e5c4f27ead9083c756cc2,ethereum,0.373,2511.11,0xe592d84d1ba2c03bd33420ece97f77a550930f81805495f744f6eb8e0bac4d91,2026-09-07T00:20:02.421185,profit=None
alert_1788740404_0x7dfc9d,sell,0x7dfc9dd51638573a812b39d33eded20df468e7bc,WETH,0xc02aaa39b223fe8d0a0e5c4f27ead9083c756cc2,ethereum,0.0101,2511.11,0xf443f414333262303b0dab9820453453f11b56375cf266fef5dc096b6cc69591,2026-09-07T00:20:04.883007,profit=None
alert_1788740407_0x7dfc9d,sell,0x7dfc9dd51638573a812b39d33eded20df468e7bc,ASTEROID,0xaff2565091e7207191dbe340b8528d02fa78d044,ethereum,13770.2334,0.002543,0x94f8378bdc6c937aef271fd18e767dc8136185862605ed74adee888ff5de3393,2026-09-07T00:20:07.340191,profit=None
alert_1788740409_0x7dfc9d,sell,0x7dfc9dd51638573a812b39d33eded20df468e7bc,ASTEROID,0xaff2565091e7207191dbe340b8528d02fa78d044,ethereum,13553.8002,0.002543,0xc1761941de4513f08389c32670887f90162f14f81fad9a74fe28f91f8c2fba49,2026-09-07T00:20:09.793404,profit=None
alert_1788740412_0x7dfc9d,sell,0x7dfc9dd51638573a812b39d33eded20df468e7bc,ASTEROID,0xaff2565091e7207191dbe340b8528d02fa78d044,ethereum,7972.344,0.002543,0x5625ec67fda0250731763bbc899befe806cd03832b8f7c892be8c1d24c8bd241,2026-09-07T00:20:12.263349,profit=None
alert_1788740414_0x7dfc9d,sell,0x7dfc9dd51638573a812b39d33eded20df468e7bc,WETH,0xc02aaa39b223fe8d0a0e5c4f27ead9083c756cc2,ethereum,0.0969,2511.61,0xca87bfebc77cc3da8b8a6a2cd6e00fddee17e28e677edba490e513fbc90ec1ee,2026-09-07T00:20:14.827050,profit=None
alert_1788740417_0x7dfc9d,sell,0x7dfc9dd51638573a812b39d33eded20df468e7bc,ASTEROID,0xaff2565091e7207191dbe340b8528d02fa78d044,ethereum,5310.5199,0.002543,0xebd75f1b266abb56946ccc3f60f507bbe71a05a5faf9f5eae0615889e033fa0f,2026-09-07T00:20:17.281802,profit=None
alert_1788740419_0x7dfc9d,sell,0x7dfc9dd51638573a812b39d33eded20df468e7bc,WETH,0xc02aaa39b223fe8d0a0e5c4f27ead9083c756cc2,ethereum,0.0003,2511.61,0x4dc6423439c6b54dec62508482abc722d7323970c2c5643a7e274760aa5ebbda,2026-09-07T00:20:19.748538,profit=None
alert_1788740422_0x7dfc9d,sell,0x7dfc9dd51638573a812b39d33eded20df468e7bc,WETH,0xc02aaa39b223fe8d0a0e5c4f27ead9083c756cc2,ethereum,0.1229,2511.61,0xb328aabf69eed5b17523b0fbe9415071e2c5c057613237ab2476290b258b6983,2026-09-07T00:20:22.227283,profit=None
alert_1788740425_0x7dfc9d,sell,0x7dfc9dd51638573a812b39d33eded20df468e7bc,WETH,0xc02aaa39b223fe8d0a0e5c4f27ead9083c756cc2,ethereum,0.0939,2511.61,0x1116e502ae24294b4bae85b055dfa6d4fea74d62bee8d08dcfa5e3fffb10a841,2026-09-07T00:20:25.073939,profit=None
alert_1788740435_0x7dfc9d,sell,0x7dfc9dd51638573a812b39d33eded20df468e7bc,ASTEROID,0xaff2565091e7207191dbe340b8528d02fa78d044,ethereum,3775.2856,0.002543,0x2ca522da99fc67bab1a83991a62f48825d794bdc9565535f68afffebfcb9db94,2026-09-07T00:20:35.049096,profit=None
alert_1788740437_0x7dfc9d,sell,0x7dfc9dd51638573a812b39d33eded20df468e7bc,ASTEROID,0xaff2565091e7207191dbe340b8528d02fa78d044,ethereum,85493.9728,0.002543,0x244c016c4a5ef4144e67c22711495308e12c7b3d367ba759b4fd1c783e2ac079,2026-09-07T00:20:37.509657,profit=None
alert_1788740439_0x7dfc9d,sell,0x7dfc9dd51638573a812b39d33eded20df468e7bc,ASTEROID,0xaff2565091e7207191dbe340b8528d02fa78d044,ethereum,157087.0854,0.002543,0x85969cc969010001ad7983c7688ad7f9679e91b11dde3dea4421f554d8b9c871,2026-09-07T00:20:39.971527,profit=None
alert_1788740443_0x8fbd26,sell,0x8fbd26a7cb1ab65834c5ea245aa1f1e78d03ed30,BYTE,0xde342a3e269056fc3305f9e315f4c40d917ba521,ethereum,55720104.2703,0.000001798,0xe39c50848e75b448945058caadc1fca01881af4c754e0c0a65408caed0d2b41b,2026-09-07T00:20:43.887352,profit=None
alert_1788740446_0x8fbd26,sell,0x8fbd26a7cb1ab65834c5ea245aa1f1e78d03ed30,BYTE,0xde342a3e269056fc3305f9e315f4c40d917ba521,ethereum,108914152.3052,0.000001798,0x0d874318af9bb24bf05101cd97eb9005552e55f881f2abc1741baf8063beb36d,2026-09-07T00:20:46.348111,profit=None
alert_1788740448_0x8fbd26,sell,0x8fbd26a7cb1ab65834c5ea245aa1f1e78d03ed30,BYTE,0xde342a3e269056fc3305f9e315f4c40d917ba521,ethereum,2028445.5331,0.000001798,0x6e913e69b5aa71b00d6f90a73d2cae1c6cbc80e93e1d88a6e4c764b431f64f41,2026-09-07T00:20:48.861798,profit=None
alert_1788740451_0x8fbd26,sell,0x8fbd26a7cb1ab65834c5ea245aa1f1e78d03ed30,WETH,0xc02aaa39b223fe8d0a0e5c4f27ead9083c756cc2,ethereum,0.0226,2511.61,0x06de910748841b732984103edad2048172af057e504f0ba37af7dc8d563bcbff,2026-09-07T00:20:51.339237,profit=None
alert_1788740453_0x8fbd26,sell,0x8fbd26a7cb1ab65834c5ea245aa1f1e78d03ed30,WETH,0xc02aaa39b223fe8d0a0e5c4f27ead9083c756cc2,ethereum,0.004,2511.61,0xadd5d0caa4019c4ff237673d765388e698d388047e33dd649350cab2189512c6,2026-09-07T00:20:53.829262,profit=None
alert_1788740456_0x8fbd26,sell,0x8fbd26a7cb1ab65834c5ea245aa1f1e78d03ed30,WETH,0xc02aaa39b223fe8d0a0e5c4f27ead9083c756cc2,ethereum,0.0009,2511.61,0x68ea717d00332600fd62032e3649629a1c6808b324ec1c7e6d30c03f32fb9d3f,2026-09-07T00:20:56.309785,profit=None
alert_1788740458_0x8fbd26,sell,0x8fbd26a7cb1ab65834c5ea245aa1f1e78d03ed30,WETH,0xc02aaa39b223fe8d0a0e5c4f27ead9083c756cc2,ethereum,0.0171,2511.61,0xed4c5d874312608c9f2be6888d4a35a0a36102987b9148ed3fb53df5f1739428,2026-09-07T00:20:58.763024,profit=None
alert_1788740461_0x8fbd26,sell,0x8fbd26a7cb1ab65834c5ea245aa1f1e78d03ed30,WETH,0xc02aaa39b223fe8d0a0e5c4f27ead9083c756cc2,ethereum,0.0078,2511.61,0xaba8267a0b8507960208d18fe97275bb5befcb1ae8b4a103fec8e569876fc8ea,2026-09-07T00:21:01.221165,profit=None
alert_1788740463_0x8fbd26,sell,0x8fbd26a7cb1ab65834c5ea245aa1f1e78d03ed30,WETH,0xc02aaa39b223fe8d0a0e5c4f27ead9083c756cc2,ethereum,0.0284,2511.61,0x4588ab3071d74472a4e885c649104b3f10d545995877b0bb586e3253dea19fbb,2026-09-07T00:21:03.719109,profit=None
alert_1788740466_0x8fbd26,sell,0x8fbd26a7cb1ab65834c5ea245aa1f1e78d03ed30,BYTE,0xde342a3e269056fc3305f9e315f4c40d917ba521,ethereum,23577004.6813,0.000001798,0xc93270df3d7fcae3d52c397ba1318c344a6c7e5252586348d4c61a151fd6fc8e,2026-09-07T00:21:06.177336,profit=None
alert_1788740468_0x8fbd26,sell,0x8fbd26a7cb1ab65834c5ea245aa1f1e78d03ed30,BYTE,0xde342a3e269056fc3305f9e315f4c40d917ba521,ethereum,49226110.1048,0.000001798,0x79a17b76846897e265304cc2b1659056356962c92a2abf4b191c0e8e63244976,2026-09-07T00:21:08.642084,profit=None
alert_1788740471_0x8fbd26,sell,0x8fbd26a7cb1ab65834c5ea245aa1f1e78d03ed30,BYTE,0xde342a3e269056fc3305f9e315f4c40d917ba521,ethereum,101925674.3125,0.000001798,0x74db3fa1af7b37a2e0c1422dc7ff8e395c14f8f3247067e442b3e34ffca58411,2026-09-07T00:21:11.117919,profit=None
alert_1788740473_0x8fbd26,sell,0x8fbd26a7cb1ab65834c5ea245aa1f1e78d03ed30,BYTE,0xde342a3e269056fc3305f9e315f4c40d917ba521,ethereum,27933244.6964,0.000001798,0x47960b951011e098c0be81df18660d452f2fb45242b0a9bf39d49dbdbf99f1dd,2026-09-07T00:21:13.583338,profit=None
alert_1788740476_0x8fbd26,sell,0x8fbd26a7cb1ab65834c5ea245aa1f1e78d03ed30,BYTE,0xde342a3e269056fc3305f9e315f4c40d917ba521,ethereum,5531209.9512,0.000001798,0x9d3f56b6f1fe13c1880f9df100af435f91936742d2fdda9307e553113eaa8281,2026-09-07T00:21:16.055177,profit=None
alert_1788740478_0x8fbd26,sell,0x8fbd26a7cb1ab65834c5ea245aa1f1e78d03ed30,WETH,0xc02aaa39b223fe8d0a0e5c4f27ead9083c756cc2,ethereum,0.0256,2509.79,0x5919b33ed28ad9d8345d8d10a88fc0759adaf21e7e53da8375f3bf470927b652,2026-09-07T00:21:18.565190,profit=None
alert_1788740481_0x8fbd26,sell,0x8fbd26a7cb1ab65834c5ea245aa1f1e78d03ed30,WETH,0xc02aaa39b223fe8d0a0e5c4f27ead9083c756cc2,ethereum,0.0249,2509.79,0x045c4c0f9764b051d8b305a90d15dccd6bbf9e116aecd4ad3c130a051cf99ba6,2026-09-07T00:21:21.023794,profit=None
alert_1788740483_0x8fbd26,sell,0x8fbd26a7cb1ab65834c5ea245aa1f1e78d03ed30,BYTE,0xde342a3e269056fc3305f9e315f4c40d917ba521,ethereum,22813864.4555,0.000001798,0xb9934792f739372dc850df61e011734dcdd0537d52cbd4d89d1541a9cfc3bc43,2026-09-07T00:21:23.490923,profit=None
alert_1788740494_0x8fbd26,sell,0x8fbd26a7cb1ab65834c5ea245aa1f1e78d03ed30,WETH,0xc02aaa39b223fe8d0a0e5c4f27ead9083c756cc2,ethereum,0.0249,2509.79,0x33841c391f562f0abf8ded251c530e1cb3ad23d5b6bde3792a38576674a2112a,2026-09-07T00:21:34.336132,profit=None
alert_1788740496_0x8fbd26,sell,0x8fbd26a7cb1ab65834c5ea245aa1f1e78d03ed30,BYTE,0xde342a3e269056fc3305f9e315f4c40d917ba521,ethereum,69170794.4022,0.000001798,0xf9525ca088da25fdfb81430e907572c4084f5f27acad6a27fc8118556ca52317,2026-09-07T00:21:36.879845,profit=None
alert_1788740499_0x8fbd26,sell,0x8fbd26a7cb1ab65834c5ea245aa1f1e78d03ed30,BYTE,0xde342a3e269056fc3305f9e315f4c40d917ba521,ethereum,2765148.0427,0.000001798,0xeec63a4f219585d7fc3dbd82cbbf6e2cd8d86b3958395a04c594834d886d8edb,2026-09-07T00:21:39.348864,profit=None
alert_1788740501_0x8fbd26,sell,0x8fbd26a7cb1ab65834c5ea245aa1f1e78d03ed30,WETH,0xc02aaa39b223fe8d0a0e5c4f27ead9083c756cc2,ethereum,0.0297,2509.79,0x7223472d193afd6aeb2d4730a010886f9b87d19d7d6e1e84bee4c183840cb191,2026-09-07T00:21:41.825963,profit=None
alert_1788740504_0x8fbd26,sell,0x8fbd26a7cb1ab65834c5ea245aa1f1e78d03ed30,BYTE,0xde342a3e269056fc3305f9e315f4c40d917ba521,ethereum,40108293.319,0.000001798,0x1802f2151aaa047e07ca5b1b7a211783d69a36160e1ebc5340726b50e3a00751,2026-09-07T00:21:44.511989,profit=None
alert_1788740508_0x69c66b,sell,0x69c66beafb06674db41b22cfc50c34a93b8d82a2,GROK,0x8390a1da07e376ef7add4be859ba74fb83aa02d5,ethereum,1228512.4547,0.0007363,0x5931580528479b0abf8c0d9057d546e13dae1eb957a63a762fc84cdaaae1a47f,2026-09-07T00:21:48.309466,profit=None
alert_1788740510_0x69c66b,sell,0x69c66beafb06674db41b22cfc50c34a93b8d82a2,GROK,0x8390a1da07e376ef7add4be859ba74fb83aa02d5,ethereum,142997.3456,0.0007363,0xb4a0b22e9055b10d9f90f28690dd28d87187142d8c9cb72e6bdce763883d187f,2026-09-07T00:21:50.822605,profit=None
alert_1788740513_0x69c66b,sell,0x69c66beafb06674db41b22cfc50c34a93b8d82a2,WETH,0xc02aaa39b223fe8d0a0e5c4f27ead9083c756cc2,ethereum,0.025,2509.79,0x4838ff3a4cfeac0930a74cb0b95da360034096983f1495251d89349daa021ca4,2026-09-07T00:21:53.293365,profit=None
alert_1788740515_0x69c66b,sell,0x69c66beafb06674db41b22cfc50c34a93b8d82a2,GROK,0x8390a1da07e376ef7add4be859ba74fb83aa02d5,ethereum,957998.607,0.0007363,0x43cdafda9743148018cb2b5b2f0c14e68f5f171d40ea7f2077b339c1888b467b,2026-09-07T00:21:55.768697,profit=None
alert_1788740518_0x69c66b,sell,0x69c66beafb06674db41b22cfc50c34a93b8d82a2,WETH,0xc02aaa39b223fe8d0a0e5c4f27ead9083c756cc2,ethereum,0.0079,2509.79,0x1e963bb4738f1bac7f7ab9c0ea58234cf1eebb3110ef93ef9ed633676835ec13,2026-09-07T00:21:58.229006,profit=None
alert_1788740520_0x69c66b,sell,0x69c66beafb06674db41b22cfc50c34a93b8d82a2,GROK,0x8390a1da07e376ef7add4be859ba74fb83aa02d5,ethereum,45934.2023,0.0007363,0xbc94f66f3603072d07cd158fb0b87c59d9fd6739d590017cbf1a47630a983ea7,2026-09-07T00:22:00.692681,profit=None
alert_1788740523_0x69c66b,sell,0x69c66beafb06674db41b22cfc50c34a93b8d82a2,WETH,0xc02aaa39b223fe8d0a0e5c4f27ead9083c756cc2,ethereum,0.2871,2509.79,0x77ee5f391bf41e00418dcceb2be10465f926cdbf0599ce9092f778fe7c2326c0,2026-09-07T00:22:03.152318,profit=None
alert_1788740525_0x69c66b,sell,0x69c66beafb06674db41b22cfc50c34a93b8d82a2,GROK,0x8390a1da07e376ef7add4be859ba74fb83aa02d5,ethereum,966909.2865,0.0007363,0x8db149abc483747ec90832c4ad71c055d5a721e2e7fc22ad9a8183499e106a00,2026-09-07T00:22:05.647828,profit=None
alert_1788740528_0x69c66b,sell,0x69c66beafb06674db41b22cfc50c34a93b8d82a2,GROK,0x8390a1da07e376ef7add4be859ba74fb83aa02d5,ethereum,33808.7554,0.0007363,0xd557cd6f3dea1434001893c18f4d50de1b82f29ee101ce72179d9edebd716567,2026-09-07T00:22:08.171405,profit=None
alert_1788740530_0x69c66b,sell,0x69c66beafb06674db41b22cfc50c34a93b8d82a2,WETH,0xc02aaa39b223fe8d0a0e5c4f27ead9083c756cc2,ethereum,0.4415,2509.79,0x0fe39b2a1a2e2d585360c090c56a7c832818f35dc424eb533ee186ac6740d5c8,2026-09-07T00:22:10.633414,profit=None
alert_1788740533_0x69c66b,sell,0x69c66beafb06674db41b22cfc50c34a93b8d82a2,WETH,0xc02aaa39b223fe8d0a0e5c4f27ead9083c756cc2,ethereum,0.0052,2509.79,0x9fe8a6c3b30c2c11d07e1d9ced6e8b79921f18621d7cf6615d1ac0d7db8f5e33,2026-09-07T00:22:13.113781,profit=None
alert_1788740535_0x69c66b,sell,0x69c66beafb06674db41b22cfc50c34a93b8d82a2,WETH,0xc02aaa39b223fe8d0a0e5c4f27ead9083c756cc2,ethereum,0.0205,2509.79,0x62a0c516a32473ff2f9fb4534191cc2381f77620c6d40040fe048ef70bf5602d,2026-09-07T00:22:15.571677,profit=None
alert_1788740538_0x69c66b,sell,0x69c66beafb06674db41b22cfc50c34a93b8d82a2,GROK,0x8390a1da07e376ef7add4be859ba74fb83aa02d5,ethereum,4546.6972,0.0007363,0xa7fa6424c6c843e9dc650ced8c52b953dbd5d95b1ad9e5428b4cd228b572d174,2026-09-07T00:22:18.068117,profit=None
alert_1788740540_0x69c66b,sell,0x69c66beafb06674db41b22cfc50c34a93b8d82a2,WETH,0xc02aaa39b223fe8d0a0e5c4f27ead9083c756cc2,ethereum,0.2004,2512.98,0x6da984b432df4cdae6ece84a7578fd5f04c42b3e58b6c74caa926fb2fe3ae38d,2026-09-07T00:22:20.722338,profit=None
alert_1788740543_0x69c66b,sell,0x69c66beafb06674db41b22cfc50c34a93b8d82a2,GROK,0x8390a1da07e376ef7add4be859ba74fb83aa02d5,ethereum,26940.3904,0.0007363,0x4fa13e39853cff1d62fb3432b16b8bf30e028c8ff54f6846cfd4d88bfe25a7dc,2026-09-07T00:22:23.188532,profit=None
alert_1788740545_0x69c66b,sell,0x69c66beafb06674db41b22cfc50c34a93b8d82a2,WETH,0xc02aaa39b223fe8d0a0e5c4f27ead9083c756cc2,ethereum,0.0376,2512.98,0x7149898af9c11550337512054a17a63db7e48f6889332a9024327a74def5cc42,2026-09-07T00:22:25.656693,profit=None
alert_1788740559_0x69c66b,sell,0x69c66beafb06674db41b22cfc50c34a93b8d82a2,WETH,0xc02aaa39b223fe8d0a0e5c4f27ead9083c756cc2,ethereum,0.0984,2512.98,0xda1f00f4acf1baddaf6867d5a8306a86684f30dd9fec27278a02d452fee8a9b9,2026-09-07T00:22:39.673275,profit=None
alert_1788740562_0x69c66b,sell,0x69c66beafb06674db41b22cfc50c34a93b8d82a2,GROK,0x8390a1da07e376ef7add4be859ba74fb83aa02d5,ethereum,33948.0684,0.0007363,0xa728259f4954fcf7403c7ea1b255938106085e549a74352a46e7ca0af8be0f27,2026-09-07T00:22:42.194571,profit=None
alert_1788740564_0x69c66b,sell,0x69c66beafb06674db41b22cfc50c34a93b8d82a2,GROK,0x8390a1da07e376ef7add4be859ba74fb83aa02d5,ethereum,167996.331,0.0007363,0x760f60ec09ed200ee32be75b8f34daca1397ebbc8fb9f7423a73f23943f5cebb,2026-09-07T00:22:44.662374,profit=None
alert_1788740567_0x69c66b,sell,0x69c66beafb06674db41b22cfc50c34a93b8d82a2,GROK,0x8390a1da07e376ef7add4be859ba74fb83aa02d5,ethereum,334831.6111,0.0007363,0x37a8598728c516b2f26b7d93c1c9b3ee8f6a38c7977b8e8c52e1b30377dd6ce8,2026-09-07T00:22:47.131237,profit=None
alert_1788740570_0x69c66b,sell,0x69c66beafb06674db41b22cfc50c34a93b8d82a2,GROK,0x8390a1da07e376ef7add4be859ba74fb83aa02d5,ethereum,167531.6178,0.0007363,0x365432ff14f5dbbe6bfb9276491aec95273a691e05d66d996893fb2edfe9a207,2026-09-07T00:22:50.135585,profit=None
alert_1788740572_0x69c66b,sell,0x69c66beafb06674db41b22cfc50c34a93b8d82a2,GROK,0x8390a1da07e376ef7add4be859ba74fb83aa02d5,ethereum,167608.9359,0.0007363,0x6062c4600869bbc77bccc34e0874f3dfe843add6f8178beb90277afb3247251d,2026-09-07T00:22:52.594931,profit=None
alert_1788740575_0x69c66b,sell,0x69c66beafb06674db41b22cfc50c34a93b8d82a2,GROK,0x8390a1da07e376ef7add4be859ba74fb83aa02d5,ethereum,335450.1568,0.0007363,0x02cec6fd4d9918d582ed6a3bcbc6e173f015a6551e989c3f4539d2dbb010691e,2026-09-07T00:22:55.064349,profit=None
alert_1788740577_0x69c66b,sell,0x69c66beafb06674db41b22cfc50c34a93b8d82a2,GROK,0x8390a1da07e376ef7add4be859ba74fb83aa02d5,ethereum,335760.0729,0.0007363,0xf4cc9542c7409d56860d1188082aefb444f0ff8768f52e58dbb69a5b3ff7e6da,2026-09-07T00:22:57.523734,profit=None
alert_1788740579_0x69c66b,sell,0x69c66beafb06674db41b22cfc50c34a93b8d82a2,GROK,0x8390a1da07e376ef7add4be859ba74fb83aa02d5,ethereum,167253.7153,0.0007363,0xb2a74e8dc00492bad1d306e1fd274b4babd23a2abe72b69c676ac5121e073254,2026-09-07T00:22:59.978472,profit=None
alert_1788740582_0x69c66b,sell,0x69c66beafb06674db41b22cfc50c34a93b8d82a2,GROK,0x8390a1da07e376ef7add4be859ba74fb83aa02d5,ethereum,100389.2322,0.0007363,0xb918bafbb52ca2dddf306041446f4a217ad250043298040f3fbcfd6d5406c0af,2026-09-07T00:23:02.442516,profit=None
alert_1788740584_0x69c66b,sell,0x69c66beafb06674db41b22cfc50c34a93b8d82a2,WETH,0xc02aaa39b223fe8d0a0e5c4f27ead9083c756cc2,ethereum,0.0482,2512.98,0x1a5a0e430b215b75d9485da254e9ff65240a17926eeb2d21bc57088bf4a92549,2026-09-07T00:23:04.909915,profit=None
alert_1788740587_0x69c66b,sell,0x69c66beafb06674db41b22cfc50c34a93b8d82a2,WETH,0xc02aaa39b223fe8d0a0e5c4f27ead9083c756cc2,ethereum,0.0999,2512.98,0x25b639e5405ca13d5bf3f6f11a9255f6bdf8ae964d4a7999a79258f6c23657d7,2026-09-07T00:23:07.374786,profit=None
alert_1788740589_0x69c66b,sell,0x69c66beafb06674db41b22cfc50c34a93b8d82a2,WETH,0xc02aaa39b223fe8d0a0e5c4f27ead9083c756cc2,ethereum,0.1298,2512.98,0xae2900abc6d4892fa6bf1edd5fc442f265c2b9a8f678b4d3a5a7c7f8ffc922b3,2026-09-07T00:23:09.844226,profit=None
alert_1788740592_0x69c66b,sell,0x69c66beafb06674db41b22cfc50c34a93b8d82a2,GROK,0x8390a1da07e376ef7add4be859ba74fb83aa02d5,ethereum,501525.0512,0.0007363,0xc4de042825a10fabb11749a7c22905427e18d85b33cc31f67c8f59458aa80d4d,2026-09-07T00:23:12.300061,profit=None
alert_1788740594_0x69c66b,sell,0x69c66beafb06674db41b22cfc50c34a93b8d82a2,WETH,0xc02aaa39b223fe8d0a0e5c4f27ead9083c756cc2,ethereum,0.1181,2512.98,0x1869368643c5aaa447892f9850da682494580ab2062cfb480d0c050c5b7c9be2,2026-09-07T00:23:14.758396,profit=None
alert_1788740597_0x69c66b,sell,0x69c66beafb06674db41b22cfc50c34a93b8d82a2,WETH,0xc02aaa39b223fe8d0a0e5c4f27ead9083c756cc2,ethereum,0.0452,2512.98,0x2e9575a15b6e67f62fdbe36b86d9bfc59c5025b8ce0f59cb1cff4a89bd2ac274,2026-09-07T00:23:17.222754,profit=None
alert_1788740599_0x69c66b,sell,0x69c66beafb06674db41b22cfc50c34a93b8d82a2,WETH,0xc02aaa39b223fe8d0a0e5c4f27ead9083c756cc2,ethereum,0.0451,2512.98,0x91019cd9bb9d7476dbe98dba73a8d5cc34b320efb0fdd860683dab3163a428c8,2026-09-07T00:23:19.691464,profit=None
alert_1788740602_0x69c66b,sell,0x69c66beafb06674db41b22cfc50c34a93b8d82a2,WETH,0xc02aaa39b223fe8d0a0e5c4f27ead9083c756cc2,ethereum,0.0541,2515.99,0x64c77725048891f65e8835ed10c99e286b1c4fddb3fdca38decd85f7de62f62d,2026-09-07T00:23:22.230258,profit=None
alert_1788740604_0x69c66b,sell,0x69c66beafb06674db41b22cfc50c34a93b8d82a2,WETH,0xc02aaa39b223fe8d0a0e5c4f27ead9083c756cc2,ethereum,0.0961,2515.99,0x357a22830f23a2afad12de0e77a9dbeffef2680dee96f3ebc528f87bc645b075,2026-09-07T00:23:24.720388,profit=None
alert_1788740607_0x69c66b,sell,0x69c66beafb06674db41b22cfc50c34a93b8d82a2,WETH,0xc02aaa39b223fe8d0a0e5c4f27ead9083c756cc2,ethereum,0.0195,2515.99,0x3d2bff78b347ad6b60c4435018b41d1a40ed9b358672140d27ffc60bb5515837,2026-09-07T00:23:27.220757,profit=None
alert_1788740610_0x69c66b,sell,0x69c66beafb06674db41b22cfc50c34a93b8d82a2,GROK,0x8390a1da07e376ef7add4be859ba74fb83aa02d5,ethereum,11301.9663,0.0007363,0xdcba3721902e77d1aded6da6156550840f3e00f9098001b17dc4cef7bd5fb922,2026-09-07T00:23:30.093811,profit=None
alert_1788740620_0x69c66b,sell,0x69c66beafb06674db41b22cfc50c34a93b8d82a2,WETH,0xc02aaa39b223fe8d0a0e5c4f27ead9083c756cc2,ethereum,0.2132,2515.99,0x2be200a7cd76db4bd0d658364f102cd9270c7a0e1728c589206088e557ee7c07,2026-09-07T00:23:40.040758,profit=None
alert_1788740622_0x69c66b,sell,0x69c66beafb06674db41b22cfc50c34a93b8d82a2,GROK,0x8390a1da07e376ef7add4be859ba74fb83aa02d5,ethereum,33066.7819,0.0007363,0x60f580c87a2c26b344c22e4170477eee3a1fa069de203d2ca861cb743a59dc38,2026-09-07T00:23:42.514457,profit=None
alert_1788740624_0x69c66b,sell,0x69c66beafb06674db41b22cfc50c34a93b8d82a2,GROK,0x8390a1da07e376ef7add4be859ba74fb83aa02d5,ethereum,8665.2571,0.0007363,0x846c82e950daef5892fbf7570f529c37784a8a3ebe97ce9c63088b0b3402c128,2026-09-07T00:23:44.981352,profit=None
alert_1788740628_0xc56c9d,sell,0xc56c9d4aee66e16aa4a31a710a6d2fc720a626b6,ETHCAT,0x777777780838c00038ecd48f63f3c37669322bc8,ethereum,49565.0011,0.0004228,0xb9a31403f44ac0f2e33c9ce9c6b609b91a807027e7610830ce3e258bb9bfa7d1,2026-09-07T00:23:48.764695,profit=None
alert_1788740631_0xc56c9d,sell,0xc56c9d4aee66e16aa4a31a710a6d2fc720a626b6,ETHCAT,0x777777780838c00038ecd48f63f3c37669322bc8,ethereum,252162.3422,0.0004228,0xb87feb9563601543d25dbb6258615f770f93542ae13785841a90fd616f9f62de,2026-09-07T00:23:51.250984,profit=None
alert_1788740633_0xc56c9d,sell,0xc56c9d4aee66e16aa4a31a710a6d2fc720a626b6,WETH,0xc02aaa39b223fe8d0a0e5c4f27ead9083c756cc2,ethereum,0.0914,2515.99,0xd55c1e8f89285b2fc1f9667f3ae7bebc146591db545eb7ac67b5a004ef9f8972,2026-09-07T00:23:53.721656,profit=1.1811213615268876
alert_1788740636_0xc56c9d,sell,0xc56c9d4aee66e16aa4a31a710a6d2fc720a626b6,WETH,0xc02aaa39b223fe8d0a0e5c4f27ead9083c756cc2,ethereum,0.016,2515.99,0x4d14b43fea158d43ee0a5a3dac1208c87bc3745c8ed79be3f32a0e287a5dde82,2026-09-07T00:23:56.194433,profit=1.1811213615268876
alert_1788740638_0xc56c9d,sell,0xc56c9d4aee66e16aa4a31a710a6d2fc720a626b6,ETHCAT,0x777777780838c00038ecd48f63f3c37669322bc8,ethereum,1232043.1467,0.0004228,0xc8cde3ad168cd6ae9eae724f2f6951e6fa59232d00c7bf4fa0dd3637f5990e09,2026-09-07T00:23:58.659589,profit=None
alert_1788740641_0xc56c9d,sell,0xc56c9d4aee66e16aa4a31a710a6d2fc720a626b6,WETH,0xc02aaa39b223fe8d0a0e5c4f27ead9083c756cc2,ethereum,0.0791,2515.99,0x2981ff46c7dabff93f32a703b6c660a8a06fd1c94afcf2db029570c1d6f7dd88,2026-09-07T00:24:01.123140,profit=1.1811213615268876
alert_1788740643_0xc56c9d,sell,0xc56c9d4aee66e16aa4a31a710a6d2fc720a626b6,ETHCAT,0x777777780838c00038ecd48f63f3c37669322bc8,ethereum,308852.3453,0.0004228,0x27942cbcb8a481bee6f6cc05114d27be71d2401d9de487ef231be883d956d1f4,2026-09-07T00:24:03.593998,profit=None
alert_1788740646_0xc56c9d,sell,0xc56c9d4aee66e16aa4a31a710a6d2fc720a626b6,WETH,0xc02aaa39b223fe8d0a0e5c4f27ead9083c756cc2,ethereum,0.0337,2515.99,0x29a16f8241e2803be844ebe9db5f9db96c5d334cd355c44ff423362adfc144d3,2026-09-07T00:24:06.063153,profit=1.1811213615268876
alert_1788740648_0xc56c9d,sell,0xc56c9d4aee66e16aa4a31a710a6d2fc720a626b6,WETH,0xc02aaa39b223fe8d0a0e5c4f27ead9083c756cc2,ethereum,0.0423,2515.99,0x49ae95cfd9ed97823bbe605b902ec0ce7814c1606935f8d64c63b7434cbb7629,2026-09-07T00:24:08.519605,profit=1.1811213615268876
alert_1788740650_0xc56c9d,sell,0xc56c9d4aee66e16aa4a31a710a6d2fc720a626b6,WETH,0xc02aaa39b223fe8d0a0e5c4f27ead9083c756cc2,ethereum,0.0194,2515.99,0x936b107d4916e8436e8e33082f3347413dad8c0732ba487f8502f63829e39a18,2026-09-07T00:24:10.989169,profit=1.1811213615268876
alert_1788740653_0xc56c9d,sell,0xc56c9d4aee66e16aa4a31a710a6d2fc720a626b6,ETHCAT,0x777777780838c00038ecd48f63f3c37669322bc8,ethereum,2379884.3058,0.0004228,0xc00593f0109a9b11d8e78e3847da1e84d72f3b763c327551108c152ba62f992d,2026-09-07T00:24:13.443115,profit=None
alert_1788740655_0xc56c9d,sell,0xc56c9d4aee66e16aa4a31a710a6d2fc720a626b6,WETH,0xc02aaa39b223fe8d0a0e5c4f27ead9083c756cc2,ethereum,0.0021,2515.99,0x6c4dc352287c14b72fb54658e5a3087fb7d4737f38465904897894324b5a470b,2026-09-07T00:24:15.897145,profit=1.1811213615268876
alert_1788740658_0xc56c9d,sell,0xc56c9d4aee66e16aa4a31a710a6d2fc720a626b6,WETH,0xc02aaa39b223fe8d0a0e5c4f27ead9083c756cc2,ethereum,0.1,2515.99,0x9efe3e2b070d827c76e6bae3832769ab0a76172e34597e4a0f2412cafa8569fa,2026-09-07T00:24:18.387317,profit=1.1811213615268876
alert_1788740660_0xc56c9d,sell,0xc56c9d4aee66e16aa4a31a710a6d2fc720a626b6,WETH,0xc02aaa39b223fe8d0a0e5c4f27ead9083c756cc2,ethereum,0.0082,2515.99,0xcc33458bbc53f78df15a979d6ef4e64a26de97048c2554eed456068fc7db2403,2026-09-07T00:24:20.857436,profit=1.1811213615268876
alert_1788740663_0xc56c9d,sell,0xc56c9d4aee66e16aa4a31a710a6d2fc720a626b6,WETH,0xc02aaa39b223fe8d0a0e5c4f27ead9083c756cc2,ethereum,0.0,2515.8,0x2fe375045b4b7fa9277024b54b456413f753cf573559d8b34daba4c940cb426c,2026-09-07T00:24:23.423543,profit=1.1734804674618677
alert_1788740665_0xc56c9d,sell,0xc56c9d4aee66e16aa4a31a710a6d2fc720a626b6,ETHCAT,0x777777780838c00038ecd48f63f3c37669322bc8,ethereum,239606.5668,0.0004228,0x85b3ee3e1925d7591bb8a9eb67c7691f64520eb0b68e4010a834e773a1b1348d,2026-09-07T00:24:25.908580,profit=None
alert_1788740668_0xc56c9d,sell,0xc56c9d4aee66e16aa4a31a710a6d2fc720a626b6,WETH,0xc02aaa39b223fe8d0a0e5c4f27ead9083c756cc2,ethereum,0.2442,2515.8,0x9fcb64499587dc13ea4f92ec624c26a068f89e7bf487a5d80aa14c3c5824dc58,2026-09-07T00:24:28.409713,profit=1.1734804674618677
alert_1788740679_0xc56c9d,sell,0xc56c9d4aee66e16aa4a31a710a6d2fc720a626b6,ETHCAT,0x777777780838c00038ecd48f63f3c37669322bc8,ethereum,109497.7039,0.0004228,0x53fb876faa146395466e1bcbfe99f2cf23b87728f7e9f9d326ee2d74d31053b3,2026-09-07T00:24:39.279627,profit=None
alert_1788740681_0xc56c9d,sell,0xc56c9d4aee66e16aa4a31a710a6d2fc720a626b6,WETH,0xc02aaa39b223fe8d0a0e5c4f27ead9083c756cc2,ethereum,0.0397,2515.8,0x0946bb18407b95bace64d98bf4228eafd0903a0eda53764e7d8b53327c6362da,2026-09-07T00:24:41.747252,profit=1.1734804674618677
alert_1788740684_0xc56c9d,sell,0xc56c9d4aee66e16aa4a31a710a6d2fc720a626b6,ETHCAT,0x777777780838c00038ecd48f63f3c37669322bc8,ethereum,1221637.7618,0.0004228,0x7e180927c551b4615f7d8bfbe799cc5c266d5d5a03cd5f9f153a107bdf77f22a,2026-09-07T00:24:44.208482,profit=None
alert_1788740686_0xc56c9d,sell,0xc56c9d4aee66e16aa4a31a710a6d2fc720a626b6,ETHCAT,0x777777780838c00038ecd48f63f3c37669322bc8,ethereum,597253.8557,0.0004228,0x18d9c38b9496b90532b36cad9ec2689143ca842e6cf2fb94bcec40bab720202a,2026-09-07T00:24:46.673494,profit=None
alert_1788740689_0xc56c9d,sell,0xc56c9d4aee66e16aa4a31a710a6d2fc720a626b6,ETHCAT,0x777777780838c00038ecd48f63f3c37669322bc8,ethereum,526955.7222,0.0004228,0xf58889633bca423331edaafb88ca5fa46187726292c2be6431270bb08e93b573,2026-09-07T00:24:49.331458,profit=None
alert_1788740691_0xc56c9d,sell,0xc56c9d4aee66e16aa4a31a710a6d2fc720a626b6,WETH,0xc02aaa39b223fe8d0a0e5c4f27ead9083c756cc2,ethereum,0.04,2515.8,0x457d42f7a7c8d8a4c5e69a81db059165a17de6c3ac62256e9f330d20b7b23fe0,2026-09-07T00:24:51.795793,profit=1.1734804674618677
alert_1788740694_0xc56c9d,sell,0xc56c9d4aee66e16aa4a31a710a6d2fc720a626b6,WETH,0xc02aaa39b223fe8d0a0e5c4f27ead9083c756cc2,ethereum,0.0082,2515.8,0x4ca314ee97eef1f2c53e9e941643aa69d094c32845b7311ac2cd7ebe3ada75ef,2026-09-07T00:24:54.252955,profit=1.1734804674618677
alert_1788740696_0xc56c9d,sell,0xc56c9d4aee66e16aa4a31a710a6d2fc720a626b6,ETHCAT,0x777777780838c00038ecd48f63f3c37669322bc8,ethereum,40986.8358,0.0004228,0x6db112c8098879ff59746fa38779083cbd8b545b24f9b6172e8c08ef6865dc4e,2026-09-07T00:24:56.717506,profit=None
alert_1788740699_0xc56c9d,sell,0xc56c9d4aee66e16aa4a31a710a6d2fc720a626b6,WETH,0xc02aaa39b223fe8d0a0e5c4f27ead9083c756cc2,ethereum,0.0001,2515.8,0xfd4cfe4bc6925e3e89545b0d8735175e47584bad33feeaf6aa1d448e31e8d994,2026-09-07T00:24:59.184244,profit=1.1734804674618677
alert_1788740701_0xc56c9d,sell,0xc56c9d4aee66e16aa4a31a710a6d2fc720a626b6,WETH,0xc02aaa39b223fe8d0a0e5c4f27ead9083c756cc2,ethereum,0.0062,2515.8,0xed29378bcd59ea2d8422de27909d130cf6835902312f29862525a05372deab18,2026-09-07T00:25:01.663776,profit=1.1734804674618677
alert_1788740704_0xc56c9d,sell,0xc56c9d4aee66e16aa4a31a710a6d2fc720a626b6,WETH,0xc02aaa39b223fe8d0a0e5c4f27ead9083c756cc2,ethereum,0.1371,2515.8,0x937249e0fe25dc4d22bbb4c7f8311c824c3b90d09051a039d6455c311658f7e3,2026-09-07T00:25:04.215401,profit=1.1734804674618677
alert_1788740706_0xc56c9d,sell,0xc56c9d4aee66e16aa4a31a710a6d2fc720a626b6,WETH,0xc02aaa39b223fe8d0a0e5c4f27ead9083c756cc2,ethereum,0.01,2515.8,0x7c18869874555dbfd88fd8962719e353b29ed92298e60bc3d34cbd9ff4727309,2026-09-07T00:25:06.690904,profit=1.1734804674618677
alert_1788740709_0xc56c9d,sell,0xc56c9d4aee66e16aa4a31a710a6d2fc720a626b6,WETH,0xc02aaa39b223fe8d0a0e5c4f27ead9083c756cc2,ethereum,0.0024,2515.8,0xa257d3ffe06cef2d9bb0fbeabedb032c7d8a6746e7f05bac4c459aa5336c7901,2026-09-07T00:25:09.170806,profit=1.1734804674618677
alert_1788740711_0xc56c9d,sell,0xc56c9d4aee66e16aa4a31a710a6d2fc720a626b6,ETHCAT,0x777777780838c00038ecd48f63f3c37669322bc8,ethereum,60829.221,0.0004228,0xb57ce5f042c31a185d07dc9d0edeed585ac08f45cbd5a6b1eeddda9b871354a0,2026-09-07T00:25:11.639247,profit=None
alert_1788740714_0xc56c9d,sell,0xc56c9d4aee66e16aa4a31a710a6d2fc720a626b6,ETHCAT,0x777777780838c00038ecd48f63f3c37669322bc8,ethereum,240171.001,0.0004228,0x561452ee8a46d7bad60fac56dc04afbc0cce2cb4f012924508526dc293d55bb7,2026-09-07T00:25:14.179817,profit=None
alert_1788740716_0xc56c9d,sell,0xc56c9d4aee66e16aa4a31a710a6d2fc720a626b6,ETHCAT,0x777777780838c00038ecd48f63f3c37669322bc8,ethereum,118033.8888,0.0004228,0xc283ab5dc9c7212aea7621c848275393678f1e918af55d13a4355f50171dc8cd,2026-09-07T00:25:16.699798,profit=None
alert_1788740719_0xc56c9d,sell,0xc56c9d4aee66e16aa4a31a710a6d2fc720a626b6,WETH,0xc02aaa39b223fe8d0a0e5c4f27ead9083c756cc2,ethereum,0.0636,2515.8,0x0253f4a761de739a6de6da5885c36df6d81607add0fdda7bea0c811c014f4c37,2026-09-07T00:25:19.171990,profit=1.1734804674618677
alert_1788740721_0xc56c9d,sell,0xc56c9d4aee66e16aa4a31a710a6d2fc720a626b6,ETHCAT,0x777777780838c00038ecd48f63f3c37669322bc8,ethereum,448578.4772,0.0004228,0x0fcb6595c89108a31507339eb4d0a71d8f67a222a9c92f43ff7484d1e4cd7c65,2026-09-07T00:25:21.655165,profit=None
alert_1788740724_0xc56c9d,sell,0xc56c9d4aee66e16aa4a31a710a6d2fc720a626b6,ETHCAT,0x777777780838c00038ecd48f63f3c37669322bc8,ethereum,228024.6422,0.0004228,0x16f4feef1bb459592d86cd8dd72579b2afb21dcb97fae45ba3f40e6120251f0c,2026-09-07T00:25:24.134816,profit=None
alert_1788740728_0xc56c9d,sell,0xc56c9d4aee66e16aa4a31a710a6d2fc720a626b6,ETHCAT,0x777777780838c00038ecd48f63f3c37669322bc8,ethereum,559264.0509,0.0004228,0xed6e548714d21c55ccb348f0ef1f5a0af3cc7793fb79515ba5dd5535651276b8,2026-09-07T00:25:28.803100,profit=None
alert_1788740731_0xc56c9d,sell,0xc56c9d4aee66e16aa4a31a710a6d2fc720a626b6,WETH,0xc02aaa39b223fe8d0a0e5c4f27ead9083c756cc2,ethereum,0.1,2514.5,0x20abd6651d145098be4597728eaa7f6202fdbf67aa87e92a22b3e55960538a3a,2026-09-07T00:25:31.372175,profit=1.121200665964245
alert_1788740741_0xc56c9d,sell,0xc56c9d4aee66e16aa4a31a710a6d2fc720a626b6,ETHCAT,0x777777780838c00038ecd48f63f3c37669322bc8,ethereum,95097.9369,0.0004228,0xe09c4822b13bbfe976fc17a073adcb8e7a94f141251c797cf757c71dffbcd6af,2026-09-07T00:25:41.950915,profit=None
alert_1788740744_0xc56c9d,sell,0xc56c9d4aee66e16aa4a31a710a6d2fc720a626b6,ETHCAT,0x777777780838c00038ecd48f63f3c37669322bc8,ethereum,1272.3724,0.0004228,0x8809d1957525379f1534e7f630e0b470e84cb2c2131b2bb6d0d9c1b8e36bdabb,2026-09-07T00:25:44.409718,profit=None
alert_1788740747_0x52c77b,sell,0x52c77b0cb827afbad022e6d6caf2c44452edbc39,WETH,0xc02aaa39b223fe8d0a0e5c4f27ead9083c756cc2,ethereum,0.4308,2514.5,0x308c7345017f8cff01f5e9861f7e2b3aa38296112faea694abc3527e316fbaa3,2026-09-07T00:25:47.981894,profit=None
alert_1788740750_0x52c77b,sell,0x52c77b0cb827afbad022e6d6caf2c44452edbc39,WETH,0xc02aaa39b223fe8d0a0e5c4f27ead9083c756cc2,ethereum,0.4576,2514.5,0xc7d0f9ec6253ea91a48dd73502bb8690925737ea4df0d20e37caa6d9a66fa821,2026-09-07T00:25:50.478261,profit=None
alert_1788740752_0x52c77b,sell,0x52c77b0cb827afbad022e6d6caf2c44452edbc39,WETH,0xc02aaa39b223fe8d0a0e5c4f27ead9083c756cc2,ethereum,0.1063,2514.5,0xc57325aaead076a1c412e4c0baaa83acf06bb09d17311997c1bdca66edb67d2f,2026-09-07T00:25:52.939114,profit=None
alert_1788770394_0x750874,sell,0x750874e6fb8dca30ce41d445e4baf8c76971f912,WETH,0xc02aaa39b223fe8d0a0e5c4f27ead9083c756cc2,ethereum,0.0069,2490.86,0xcceb7e4f519766265d917878bc2c75a07db257162d9bda164b779fcee2e49c35,2026-09-07T08:39:54.889577,profit=None
alert_1788770397_0x750874,sell,0x750874e6fb8dca30ce41d445e4baf8c76971f912,WETH,0xc02aaa39b223fe8d0a0e5c4f27ead9083c756cc2,ethereum,0.0257,2490.86,0x1bf84b3edf3c6354287351dd56ddb84547298320867377cf52cf0306539666fb,2026-09-07T08:39:57.235007,profit=None
alert_1788770399_0x750874,sell,0x750874e6fb8dca30ce41d445e4baf8c76971f912,WETH,0xc02aaa39b223fe8d0a0e5c4f27ead9083c756cc2,ethereum,0.008,2490.86,0xad757afaa7c7eb89e855ece9e791f83df1726b737304646eb5d7914dd156b2e8,2026-09-07T08:39:59.576493,profit=None
alert_1788770403_0x69c7bd,sell,0x69c7bd26512f52bf6f76fab834140d13dda673ca,NPC,0x8ed97a637a790be1feff5e888d43629dc05408f6,ethereum,648807.4239,0.01992,0x67e9190191768bf9d8251305cc0d112e34939f8cd9404adba50a25327bea6853,2026-09-07T08:40:03.261365,profit=None
alert_1788770405_0x69c7bd,sell,0x69c7bd26512f52bf6f76fab834140d13dda673ca,WETH,0xc02aaa39b223fe8d0a0e5c4f27ead9083c756cc2,ethereum,0.8738,2490.86,0x9eb4b85502ad9b0a70cc42195fcc22e00486a9d5429245b6608596fa80f0e816,2026-09-07T08:40:05.617854,profit=None
alert_1788770407_0x69c7bd,sell,0x69c7bd26512f52bf6f76fab834140d13dda673ca,NPC,0x8ed97a637a790be1feff5e888d43629dc05408f6,ethereum,26637.804,0.01992,0x66fbc0e6f5c63c8d3f3bdf42146337ca3d556738dd207a3fadc0ad974276c47f,2026-09-07T08:40:07.969907,profit=None
alert_1788770410_0x69c7bd,sell,0x69c7bd26512f52bf6f76fab834140d13dda673ca,NPC,0x8ed97a637a790be1feff5e888d43629dc05408f6,ethereum,69082.2174,0.01992,0xbd2ed566b1cb7f289212497c46ffccc8cd8b3d5ff3ab5beecc8f52b90be9f119,2026-09-07T08:40:10.332578,profit=None
alert_1788770412_0x69c7bd,sell,0x69c7bd26512f52bf6f76fab834140d13dda673ca,NPC,0x8ed97a637a790be1feff5e888d43629dc05408f6,ethereum,5557.3986,0.01992,0x398191fbb911ce66fd0c5dd3dac498a0ca1b565ca96936e82dcabeee8db33922,2026-09-07T08:40:12.714091,profit=None
alert_1788770415_0x69c7bd,sell,0x69c7bd26512f52bf6f76fab834140d13dda673ca,NPC,0x8ed97a637a790be1feff5e888d43629dc05408f6,ethereum,15042.7498,0.01992,0x33eb9e0c5bfce56c6fe9909273c7b75ab2bc71110462d188f2b3cc10348f11cf,2026-09-07T08:40:15.067855,profit=None
alert_1788770417_0x69c7bd,sell,0x69c7bd26512f52bf6f76fab834140d13dda673ca,NPC,0x8ed97a637a790be1feff5e888d43629dc05408f6,ethereum,36551.6472,0.01992,0x85c3c05c10985729b5d8c14fc75c7aed4f41b40c9cb5d35744f634e07470190b,2026-09-07T08:40:17.455872,profit=None
alert_1788770419_0x69c7bd,sell,0x69c7bd26512f52bf6f76fab834140d13dda673ca,NPC,0x8ed97a637a790be1feff5e888d43629dc05408f6,ethereum,45789.606,0.01992,0x437ad8c5c5ac443faed255cc607a2b813546513887b9e151425687413347279a,2026-09-07T08:40:19.821315,profit=None
alert_1788770422_0x69c7bd,sell,0x69c7bd26512f52bf6f76fab834140d13dda673ca,NPC,0x8ed97a637a790be1feff5e888d43629dc05408f6,ethereum,44755.5685,0.01992,0x10e871bbd01b502d16b9761c62f1a0886937c247961735854ccd1779ef6a4b38,2026-09-07T08:40:22.188324,profit=None
alert_1788770424_0x69c7bd,sell,0x69c7bd26512f52bf6f76fab834140d13dda673ca,NPC,0x8ed97a637a790be1feff5e888d43629dc05408f6,ethereum,17616.5484,0.01992,0x6a6702c3a9923d742f2e09363bac3b852073e1fd44c35799f8a8319ab115c99c,2026-09-07T08:40:24.553117,profit=None
alert_1788770426_0x69c7bd,sell,0x69c7bd26512f52bf6f76fab834140d13dda673ca,NPC,0x8ed97a637a790be1feff5e888d43629dc05408f6,ethereum,251242.3504,0.01992,0x752bb650a6469c9525c3a14c276e9d896f61f3d9ead175dc4c73a026edf24b14,2026-09-07T08:40:26.951968,profit=None
alert_1788770429_0x69c7bd,sell,0x69c7bd26512f52bf6f76fab834140d13dda673ca,NPC,0x8ed97a637a790be1feff5e888d43629dc05408f6,ethereum,236378.9732,0.01992,0x081bfdb48d219ccd11b0afe1ac7179cb44079c11d36efc8ee4bb03cf250f42a1,2026-09-07T08:40:29.326523,profit=None
alert_1788770431_0x69c7bd,sell,0x69c7bd26512f52bf6f76fab834140d13dda673ca,NPC,0x8ed97a637a790be1feff5e888d43629dc05408f6,ethereum,3974.8267,0.01992,0xc0188164c45d7d394de38eecddca38e6a2d22c8fe4304ea50f0d2e57ff09d718,2026-09-07T08:40:31.677092,profit=None
alert_1788770434_0x69c7bd,sell,0x69c7bd26512f52bf6f76fab834140d13dda673ca,WETH,0xc02aaa39b223fe8d0a0e5c4f27ead9083c756cc2,ethereum,0.3579,2490.85,0x43498c128e70b1fc2dd9f0ba0270d9c2bb9b5bfaefe2410b443c148faa5e78ed,2026-09-07T08:40:34.150608,profit=None
alert_1788770436_0x69c7bd,sell,0x69c7bd26512f52bf6f76fab834140d13dda673ca,WETH,0xc02aaa39b223fe8d0a0e5c4f27ead9083c756cc2,ethereum,0.1401,2490.85,0x9c1302af9d1482f66b271820a4886648016974c58431435fb1d15bb3d6dad247,2026-09-07T08:40:36.494070,profit=None
alert_1788770438_0x69c7bd,sell,0x69c7bd26512f52bf6f76fab834140d13dda673ca,NPC,0x8ed97a637a790be1feff5e888d43629dc05408f6,ethereum,113742.9792,0.01992,0x97820bb528d8cad4518639172c9e7a5a8f2ce5cb589dc0948d3ec964c93a712f,2026-09-07T08:40:38.839732,profit=None
alert_1788770441_0x69c7bd,sell,0x69c7bd26512f52bf6f76fab834140d13dda673ca,NPC,0x8ed97a637a790be1feff5e888d43629dc05408f6,ethereum,7405.3359,0.01992,0xc151e09e85a8fa89bbb849b0d528d08049d13794dc0f6b7176396f59f70916c3,2026-09-07T08:40:41.223838,profit=None
alert_1788770443_0x69c7bd,sell,0x69c7bd26512f52bf6f76fab834140d13dda673ca,WETH,0xc02aaa39b223fe8d0a0e5c4f27ead9083c756cc2,ethereum,0.185,2490.85,0x156cf358005ad8e1facb76d65aac143d833f36c8d2b8594ddeb6681136301ced,2026-09-07T08:40:43.851126,profit=None
alert_1788770457_0x69c7bd,sell,0x69c7bd26512f52bf6f76fab834140d13dda673ca,WETH,0xc02aaa39b223fe8d0a0e5c4f27ead9083c756cc2,ethereum,0.7193,2490.85,0xc2640c3d83e55e524ac8c2c0bfb99bbe4af6910c24d968c644d7726e96e70c41,2026-09-07T08:40:57.660408,profit=None
alert_1788770460_0x69c7bd,sell,0x69c7bd26512f52bf6f76fab834140d13dda673ca,WETH,0xc02aaa39b223fe8d0a0e5c4f27ead9083c756cc2,ethereum,1.2381,2490.85,0xcc5fc289b1fbfc6990248500076b8719e41ee6e33550a0a1455a17104a7f62fa,2026-09-07T08:41:00.018882,profit=None
alert_1788770462_0x69c7bd,sell,0x69c7bd26512f52bf6f76fab834140d13dda673ca,WETH,0xc02aaa39b223fe8d0a0e5c4f27ead9083c756cc2,ethereum,0.251,2490.85,0x8ca1d8cf87ab7bfcb8d26e11b4f409da1d95e4d8faef48d177a792767c19c3c9,2026-09-07T08:41:02.371289,profit=None
alert_1788770464_0x69c7bd,sell,0x69c7bd26512f52bf6f76fab834140d13dda673ca,WETH,0xc02aaa39b223fe8d0a0e5c4f27ead9083c756cc2,ethereum,0.3543,2490.85,0x841b8c8b64c54e3d6d0eb46b467870edcbf9994369f9e664e53e7511bf006ef8,2026-09-07T08:41:04.713415,profit=None
alert_1788770467_0x69c7bd,sell,0x69c7bd26512f52bf6f76fab834140d13dda673ca,NPC,0x8ed97a637a790be1feff5e888d43629dc05408f6,ethereum,3722.0042,0.0199,0xfd6d9f210ecdbdae7bc479f63800325255033c9efa81846773af06a7037da256,2026-09-07T08:41:07.291204,profit=None
alert_1788770469_0x69c7bd,sell,0x69c7bd26512f52bf6f76fab834140d13dda673ca,NPC,0x8ed97a637a790be1feff5e888d43629dc05408f6,ethereum,1537.0472,0.0199,0x8a6fc4fe2a164f4edec2edb46a7aa679d82410bad3d3e9b3a4c32b972fc7682c,2026-09-07T08:41:09.641643,profit=None
alert_1788770471_0x69c7bd,sell,0x69c7bd26512f52bf6f76fab834140d13dda673ca,WETH,0xc02aaa39b223fe8d0a0e5c4f27ead9083c756cc2,ethereum,0.1994,2490.85,0x16ffb74ce8f2bcf432ac91578754e5a3c1d8b6744518693af694e43fbe0dad29,2026-09-07T08:41:11.986897,profit=None
alert_1788770474_0x69c7bd,sell,0x69c7bd26512f52bf6f76fab834140d13dda673ca,WETH,0xc02aaa39b223fe8d0a0e5c4f27ead9083c756cc2,ethereum,0.2005,2490.85,0x80b58458d01e2d946a55f81f3a0004acf812f1d727e7b0a95597560920c1dd60,2026-09-07T08:41:14.351447,profit=None
alert_1788770476_0x69c7bd,sell,0x69c7bd26512f52bf6f76fab834140d13dda673ca,WETH,0xc02aaa39b223fe8d0a0e5c4f27ead9083c756cc2,ethereum,0.2554,2490.85,0x09b1160ee02fb7ae36b18c5135b677ba125ed508c41e1394bd2bec3b11342c5c,2026-09-07T08:41:16.710952,profit=None
alert_1788770479_0x69c7bd,sell,0x69c7bd26512f52bf6f76fab834140d13dda673ca,WETH,0xc02aaa39b223fe8d0a0e5c4f27ead9083c756cc2,ethereum,0.2406,2490.85,0x156414cb014f3db557dd4fbce01e9deb22b1f2bc0efaf333dc15ee8259335b24,2026-09-07T08:41:19.107426,profit=None
alert_1788770481_0x69c7bd,sell,0x69c7bd26512f52bf6f76fab834140d13dda673ca,WETH,0xc02aaa39b223fe8d0a0e5c4f27ead9083c756cc2,ethereum,0.0268,2490.85,0x33f1ec37ac36014aa845412b4e5b5179e6e59b90a2473022eeebff77ad5f9bec,2026-09-07T08:41:21.458136,profit=None
alert_1788770483_0x69c7bd,sell,0x69c7bd26512f52bf6f76fab834140d13dda673ca,NPC,0x8ed97a637a790be1feff5e888d43629dc05408f6,ethereum,15060.6493,0.0199,0x4c9e811cb707b3806ba60f7ca4042a4ac513df7d7cfbb52f8d820c81404f4316,2026-09-07T08:41:23.813875,profit=None
alert_1788770486_0x69c7bd,sell,0x69c7bd26512f52bf6f76fab834140d13dda673ca,WETH,0xc02aaa39b223fe8d0a0e5c4f27ead9083c756cc2,ethereum,0.2204,2490.85,0x10ede234407e2af5ffd3306db60dd3f84935ab916b421fe9e6f1eb218423cbbc,2026-09-07T08:41:26.225952,profit=None
alert_1788770488_0x69c7bd,sell,0x69c7bd26512f52bf6f76fab834140d13dda673ca,NPC,0x8ed97a637a790be1feff5e888d43629dc05408f6,ethereum,763015.1901,0.0199,0x7ce4422ddbc7c7810c9057c37cb06be1c19a8debeb3b477615e76ca9b7fccc56,2026-09-07T08:41:28.703877,profit=None
alert_1788770491_0x69c7bd,sell,0x69c7bd26512f52bf6f76fab834140d13dda673ca,WETH,0xc02aaa39b223fe8d0a0e5c4f27ead9083c756cc2,ethereum,1.591,2490.85,0x1593069741410df6e33b29af389c3b413b5a49e6932b3f09580d8cc4337da22f,2026-09-07T08:41:31.281335,profit=None
alert_1788770493_0x69c7bd,sell,0x69c7bd26512f52bf6f76fab834140d13dda673ca,WETH,0xc02aaa39b223fe8d0a0e5c4f27ead9083c756cc2,ethereum,0.8016,2490.85,0xefdcbb9ca992cc25013ab46718fd88098f9eeda1067a47d008f6dbaac4ed7295,2026-09-07T08:41:33.648615,profit=None
alert_1788770496_0x69c7bd,sell,0x69c7bd26512f52bf6f76fab834140d13dda673ca,WETH,0xc02aaa39b223fe8d0a0e5c4f27ead9083c756cc2,ethereum,0.0754,2491.22,0x5d7fdb4706763cb59b129277097465045f2197c592b3487609fa5e72619b2e0f,2026-09-07T08:41:36.053332,profit=None
alert_1788770498_0x69c7bd,sell,0x69c7bd26512f52bf6f76fab834140d13dda673ca,WETH,0xc02aaa39b223fe8d0a0e5c4f27ead9083c756cc2,ethereum,0.2805,2491.22,0xe725e0a68745a340a9c49d7eeb131243af70d68da946c2e03acbfd046fc66eb7,2026-09-07T08:41:38.425161,profit=None
alert_1788770500_0x69c7bd,sell,0x69c7bd26512f52bf6f76fab834140d13dda673ca,WETH,0xc02aaa39b223fe8d0a0e5c4f27ead9083c756cc2,ethereum,1.6607,2491.22,0x1531f8de185404ffd074b1ce6fad3c9747a01746b5a6387300e51fdf713c9fd4,2026-09-07T08:41:40.771308,profit=None
alert_1788770503_0x69c7bd,sell,0x69c7bd26512f52bf6f76fab834140d13dda673ca,WETH,0xc02aaa39b223fe8d0a0e5c4f27ead9083c756cc2,ethereum,0.0686,2491.22,0x98833e9ba429b4824bb93593f1013e314adb57f35247d7ed0eeb22fd12947122,2026-09-07T08:41:43.163573,profit=None
alert_1788770505_0x69c7bd,sell,0x69c7bd26512f52bf6f76fab834140d13dda673ca,WETH,0xc02aaa39b223fe8d0a0e5c4f27ead9083c756cc2,ethereum,0.4377,2491.22,0xb7eed32808f51f43f7a3938cb645dabb84f18ea9cb0940409de90e34d4b23132,2026-09-07T08:41:45.785320,profit=None
alert_1788770520_0x7dfc9d,sell,0x7dfc9dd51638573a812b39d33eded20df468e7bc,WETH,0xc02aaa39b223fe8d0a0e5c4f27ead9083c756cc2,ethereum,0.0611,2491.22,0xf70b5f6bdf3e20d464bf6669e11661772b65de7dedc7849ec6ac94953af49beb,2026-09-07T08:42:00.642872,profit=None
alert_1788770523_0x7dfc9d,sell,0x7dfc9dd51638573a812b39d33eded20df468e7bc,ASTEROID,0xaff2565091e7207191dbe340b8528d02fa78d044,ethereum,186443.2893,0.002412,0xdd907684aa5a5bd280b6247623ef9faad9cc82dad3ce3680b806cc6188755a96,2026-09-07T08:42:03.063962,profit=None
alert_1788770525_0x7dfc9d,sell,0x7dfc9dd51638573a812b39d33eded20df468e7bc,ASTEROID,0xaff2565091e7207191dbe340b8528d02fa78d044,ethereum,194571.7862,0.002412,0x33b646ec8ed272ab89b68ee3a5407efaf7c2ef32adf3452598b1b50dd3130984,2026-09-07T08:42:05.405488,profit=None
alert_1788770527_0x7dfc9d,sell,0x7dfc9dd51638573a812b39d33eded20df468e7bc,WETH,0xc02aaa39b223fe8d0a0e5c4f27ead9083c756cc2,ethereum,0.0349,2491.22,0x4b277922f7810b63ff3874d6a9bcedc232275ea03af3d565e9ff03fddae90e96,2026-09-07T08:42:07.791726,profit=None
alert_1788770530_0x7dfc9d,sell,0x7dfc9dd51638573a812b39d33eded20df468e7bc,WETH,0xc02aaa39b223fe8d0a0e5c4f27ead9083c756cc2,ethereum,0.3166,2491.22,0xaa3e2a06df3521bb1db44f3168523744bb42bd62c11f68e4f210c6ac7b884036,2026-09-07T08:42:10.238460,profit=None
alert_1788770532_0x7dfc9d,sell,0x7dfc9dd51638573a812b39d33eded20df468e7bc,ASTEROID,0xaff2565091e7207191dbe340b8528d02fa78d044,ethereum,39994.2959,0.002412,0xd15b03f004c946c39314d0a3d80753ae57d617a8f19e795d5191eeb6fb16207f,2026-09-07T08:42:12.599532,profit=None
alert_1788770534_0x7dfc9d,sell,0x7dfc9dd51638573a812b39d33eded20df468e7bc,ASTEROID,0xaff2565091e7207191dbe340b8528d02fa78d044,ethereum,5852.2149,0.002412,0xe59dd972e4f1a9ac43fa936a438683b962918c079e087bb198ad1ee7ab84920c,2026-09-07T08:42:14.969737,profit=None
alert_1788770537_0x7dfc9d,sell,0x7dfc9dd51638573a812b39d33eded20df468e7bc,WETH,0xc02aaa39b223fe8d0a0e5c4f27ead9083c756cc2,ethereum,0.0101,2491.22,0xc9686bcd1a324d441da468a7477a0ce82084e25a56621074f6d710fcdf813379,2026-09-07T08:42:17.350954,profit=None
alert_1788770539_0x7dfc9d,sell,0x7dfc9dd51638573a812b39d33eded20df468e7bc,WETH,0xc02aaa39b223fe8d0a0e5c4f27ead9083c756cc2,ethereum,0.0869,2491.22,0x14642c4cf3baae920949b3d8942de2a68cbc81a8ee9bccc466687a66b465761b,2026-09-07T08:42:19.741748,profit=None
alert_1788770542_0x7dfc9d,sell,0x7dfc9dd51638573a812b39d33eded20df468e7bc,WETH,0xc02aaa39b223fe8d0a0e5c4f27ead9083c756cc2,ethereum,0.0283,2491.22,0x1fa35ae756ef5e3eba3487bd3496064e8a9f1779e812c7e8905c5ff14d18f352,2026-09-07T08:42:22.154627,profit=None
alert_1788770544_0x7dfc9d,sell,0x7dfc9dd51638573a812b39d33eded20df468e7bc,ASTEROID,0xaff2565091e7207191dbe340b8528d02fa78d044,ethereum,19495.1142,0.002412,0x5dc229903efa084e6d76a2003febb7aad67f7600c57eae3a0eb9929f4f227141,2026-09-07T08:42:24.513596,profit=None
alert_1788770546_0x7dfc9d,sell,0x7dfc9dd51638573a812b39d33eded20df468e7bc,WETH,0xc02aaa39b223fe8d0a0e5c4f27ead9083c756cc2,ethereum,0.0038,2491.22,0xc1a18e6d0e10ca62b1b3b66ca24685dafb9714ed4a78f49893e0c92e390d5bf7,2026-09-07T08:42:26.900736,profit=None
alert_1788770549_0x7dfc9d,sell,0x7dfc9dd51638573a812b39d33eded20df468e7bc,WETH,0xc02aaa39b223fe8d0a0e5c4f27ead9083c756cc2,ethereum,0.1112,2491.22,0x8f822aab161bf6ac04352d9ebae8ae963792cc979d84173df156c5887ce1ea4c,2026-09-07T08:42:29.317314,profit=None
alert_1788770551_0x7dfc9d,sell,0x7dfc9dd51638573a812b39d33eded20df468e7bc,WETH,0xc02aaa39b223fe8d0a0e5c4f27ead9083c756cc2,ethereum,0.0315,2491.22,0x18a7a2c7dfaa2a084409a059ccdbe4d4bf26a3f18d4e73dde5d9b99be1b84752,2026-09-07T08:42:31.713128,profit=None
alert_1788770554_0x7dfc9d,sell,0x7dfc9dd51638573a812b39d33eded20df468e7bc,WETH,0xc02aaa39b223fe8d0a0e5c4f27ead9083c756cc2,ethereum,0.1423,2491.22,0x4856f60681f37e6f550c79a84466ddf106016106a40c32437b3d3a7daf422b7f,2026-09-07T08:42:34.094131,profit=None
alert_1788770556_0x7dfc9d,sell,0x7dfc9dd51638573a812b39d33eded20df468e7bc,ASTEROID,0xaff2565091e7207191dbe340b8528d02fa78d044,ethereum,73200.1338,0.002412,0x0e65d63566891b596b3b7e149c657797e23dbf42ab25fb8a0ba92c055275fd4b,2026-09-07T08:42:36.568242,profit=None
alert_1788770558_0x7dfc9d,sell,0x7dfc9dd51638573a812b39d33eded20df468e7bc,WETH,0xc02aaa39b223fe8d0a0e5c4f27ead9083c756cc2,ethereum,1.0663,2491.22,0x40e6c326824e609651797ce32eee1a1fa87e90315c7fe1ce3644329138aaacf6,2026-09-07T08:42:38.962831,profit=None
alert_1788770561_0x7dfc9d,sell,0x7dfc9dd51638573a812b39d33eded20df468e7bc,WETH,0xc02aaa39b223fe8d0a0e5c4f27ead9083c756cc2,ethereum,0.0302,2491.22,0xd54ede6d6484ffebfe257c9bc370d8d771bc204064bd3879e1d526d621a73dba,2026-09-07T08:42:41.322225,profit=None
alert_1788770563_0x7dfc9d,sell,0x7dfc9dd51638573a812b39d33eded20df468e7bc,WETH,0xc02aaa39b223fe8d0a0e5c4f27ead9083c756cc2,ethereum,0.7574,2491.22,0xe65351b89eb1c4c9c5222511664f84019e34a65e4c5a90ca2525e0ac1b4b1845,2026-09-07T08:42:43.672087,profit=None
alert_1788770566_0x7dfc9d,sell,0x7dfc9dd51638573a812b39d33eded20df468e7bc,ASTEROID,0xaff2565091e7207191dbe340b8528d02fa78d044,ethereum,126415.4507,0.002412,0xba949051ae2aaca766879fbbf4443955c23acc6a92ab38c5667c1c7f9f602130,2026-09-07T08:42:46.024401,profit=None
alert_1788770568_0x7dfc9d,sell,0x7dfc9dd51638573a812b39d33eded20df468e7bc,WETH,0xc02aaa39b223fe8d0a0e5c4f27ead9083c756cc2,ethereum,0.057,2491.22,0xb0f3ceff0d790de778a7078c629d694f7627274409c1652e7d08a171701727c2,2026-09-07T08:42:48.661304,profit=None
alert_1788770571_0x7dfc9d,sell,0x7dfc9dd51638573a812b39d33eded20df468e7bc,ASTEROID,0xaff2565091e7207191dbe340b8528d02fa78d044,ethereum,73098.1854,0.002412,0x5a1fde7970fe8cd7880c2fb5822e9ffc122646e010537715b7e8e48a63513609,2026-09-07T08:42:51.314739,profit=None
alert_1788770580_0x7dfc9d,sell,0x7dfc9dd51638573a812b39d33eded20df468e7bc,ASTEROID,0xaff2565091e7207191dbe340b8528d02fa78d044,ethereum,192803.2159,0.002412,0xf6f3849f711e0a096d115ed5a7687d3bc3a2efefb6b7f83acbbc8d48dbdd57a4,2026-09-07T08:43:00.682751,profit=None
alert_1788770583_0x7dfc9d,sell,0x7dfc9dd51638573a812b39d33eded20df468e7bc,ASTEROID,0xaff2565091e7207191dbe340b8528d02fa78d044,ethereum,170941.9636,0.002412,0x74c0d288ed82bd07a0441b262e4d76d97eea3e94f20aad0df89b65ca02c1d796,2026-09-07T08:43:03.089529,profit=None
alert_1788770585_0x7dfc9d,sell,0x7dfc9dd51638573a812b39d33eded20df468e7bc,WETH,0xc02aaa39b223fe8d0a0e5c4f27ead9083c756cc2,ethereum,0.0481,2491.22,0x36abe091f40c2d2ed6545d8daddc5e8e9edf7179d8a51323303eac56984ad88c,2026-09-07T08:43:05.449097,profit=None
alert_1788770587_0x7dfc9d,sell,0x7dfc9dd51638573a812b39d33eded20df468e7bc,ASTEROID,0xaff2565091e7207191dbe340b8528d02fa78d044,ethereum,530976.1797,0.002427,0x6770ea1197e924c4e71453dcf9f8abd7c7d1991603ce8d1b9ac2f2af43cd3ec8,2026-09-07T08:43:07.878122,profit=None
alert_1788770590_0x7dfc9d,sell,0x7dfc9dd51638573a812b39d33eded20df468e7bc,WETH,0xc02aaa39b223fe8d0a0e5c4f27ead9083c756cc2,ethereum,0.9112,2491.22,0x80ba3dd0e1f23c56b9cf0f1f9cdb213a79818389624aa27aa45244681f039dd0,2026-09-07T08:43:10.232714,profit=None
alert_1788770592_0x7dfc9d,sell,0x7dfc9dd51638573a812b39d33eded20df468e7bc,ASTEROID,0xaff2565091e7207191dbe340b8528d02fa78d044,ethereum,199999.0512,0.002427,0x8a83e0357c3bfa23f6626edc9fb4854a58c6c55f3f880fb551586b4189a50a9d,2026-09-07T08:43:12.601758,profit=None
alert_1788770594_0x7dfc9d,sell,0x7dfc9dd51638573a812b39d33eded20df468e7bc,WETH,0xc02aaa39b223fe8d0a0e5c4f27ead9083c756cc2,ethereum,0.1004,2491.22,0x097e05a3705a85bdbf94a877949d47a81dcc8b5a330f4b9c6f4c41badec9da0d,2026-09-07T08:43:14.970275,profit=None
alert_1788770597_0x7dfc9d,sell,0x7dfc9dd51638573a812b39d33eded20df468e7bc,ASTEROID,0xaff2565091e7207191dbe340b8528d02fa78d044,ethereum,381558.3235,0.002427,0xa4af794950a3f0f7e91753b0466d6ab698026ff546f9680140e5c1828fff1eec,2026-09-07T08:43:17.435106,profit=None
alert_1788770599_0x7dfc9d,sell,0x7dfc9dd51638573a812b39d33eded20df468e7bc,ASTEROID,0xaff2565091e7207191dbe340b8528d02fa78d044,ethereum,103910.1696,0.002427,0x0d4e3cf27a387d32c31bb4e840839b379dc7091615475e9895f575ab89e20e0d,2026-09-07T08:43:19.804188,profit=None
alert_1788770602_0x7dfc9d,sell,0x7dfc9dd51638573a812b39d33eded20df468e7bc,ASTEROID,0xaff2565091e7207191dbe340b8528d02fa78d044,ethereum,158696.5628,0.002427,0xc6ed8c61c6f781b218d8c1fae1aa300c80b5a178de6a66ea9b26944c979f045c,2026-09-07T08:43:22.170547,profit=None
alert_1788770604_0x7dfc9d,sell,0x7dfc9dd51638573a812b39d33eded20df468e7bc,ASTEROID,0xaff2565091e7207191dbe340b8528d02fa78d044,ethereum,20472.5205,0.002427,0x80d725389b7515fa74dd6d9365083c1afff6e1b4fd2c68186dc73f662f2a0d47,2026-09-07T08:43:24.520307,profit=None
alert_1788770606_0x7dfc9d,sell,0x7dfc9dd51638573a812b39d33eded20df468e7bc,ASTEROID,0xaff2565091e7207191dbe340b8528d02fa78d044,ethereum,82064.2052,0.002427,0xb8baa45b5c0a3bf4b10834a357349e5dd825ca21e1ba309f0202a8759712512d,2026-09-07T08:43:26.880219,profit=None
alert_1788770609_0x7dfc9d,sell,0x7dfc9dd51638573a812b39d33eded20df468e7bc,ASTEROID,0xaff2565091e7207191dbe340b8528d02fa78d044,ethereum,40988.7847,0.002427,0xefece0c8d6df535a2bc81d7ffe5bc76dee72585d88e4f79da0bba2508d966485,2026-09-07T08:43:29.240183,profit=None
alert_1788770611_0x7dfc9d,sell,0x7dfc9dd51638573a812b39d33eded20df468e7bc,ASTEROID,0xaff2565091e7207191dbe340b8528d02fa78d044,ethereum,199998.4377,0.002427,0x2d9dce836418a5231465c7f5c7dc56b393d44106f6e558daf0369fe282b907c7,2026-09-07T08:43:31.610314,profit=None
alert_1788770613_0x7dfc9d,sell,0x7dfc9dd51638573a812b39d33eded20df468e7bc,WETH,0xc02aaa39b223fe8d0a0e5c4f27ead9083c756cc2,ethereum,0.1142,2491.22,0xc94b1363cec1165ea1b921a5a717a1a77827af9cb9bbc0122118bf810ac4aefd,2026-09-07T08:43:33.957556,profit=None
alert_1788770616_0x7dfc9d,sell,0x7dfc9dd51638573a812b39d33eded20df468e7bc,WETH,0xc02aaa39b223fe8d0a0e5c4f27ead9083c756cc2,ethereum,0.1996,2491.22,0x9d496967295c6aad84f62b8c3500006ffa3f3765ff00172f0aa269a8c7936fbe,2026-09-07T08:43:36.413345,profit=None
alert_1788770618_0x7dfc9d,sell,0x7dfc9dd51638573a812b39d33eded20df468e7bc,WETH,0xc02aaa39b223fe8d0a0e5c4f27ead9083c756cc2,ethereum,0.1655,2491.22,0xba2e24015f173b6b8799e3e7179251939e8e8a5705aaf7aa3d506c34f49904a8,2026-09-07T08:43:38.753298,profit=None
alert_1788770622_0x8fbd26,sell,0x8fbd26a7cb1ab65834c5ea245aa1f1e78d03ed30,WETH,0xc02aaa39b223fe8d0a0e5c4f27ead9083c756cc2,ethereum,0.0017,2491.29,0xf43f4f2e1718068400a53d38a256ca0b48a3a4368181e25590acc69c240d83c9,2026-09-07T08:43:42.325381,profit=None
alert_1788770624_0x8fbd26,sell,0x8fbd26a7cb1ab65834c5ea245aa1f1e78d03ed30,BYTE,0xde342a3e269056fc3305f9e315f4c40d917ba521,ethereum,145176.9649,0.000001758,0x09eab97093ed1cb9b0d6e3dd39fd560c06586737694b2c94a8a2472feb174ffd,2026-09-07T08:43:44.757740,profit=None
alert_1788770627_0x8fbd26,sell,0x8fbd26a7cb1ab65834c5ea245aa1f1e78d03ed30,WETH,0xc02aaa39b223fe8d0a0e5c4f27ead9083c756cc2,ethereum,0.0019,2491.29,0xa085cdc05b5eb12318c96e013f26b80af4a7af99e4318f294bd2ac2fe224b3e2,2026-09-07T08:43:47.114484,profit=None
alert_1788770629_0x8fbd26,sell,0x8fbd26a7cb1ab65834c5ea245aa1f1e78d03ed30,WETH,0xc02aaa39b223fe8d0a0e5c4f27ead9083c756cc2,ethereum,0.0191,2491.29,0xa25379cab6ca1d1f7c96d41d060561ece9ece60446e65bd18999dda167e18169,2026-09-07T08:43:49.804322,profit=None
alert_1788770643_0x8fbd26,sell,0x8fbd26a7cb1ab65834c5ea245aa1f1e78d03ed30,WETH,0xc02aaa39b223fe8d0a0e5c4f27ead9083c756cc2,ethereum,0.0044,2491.29,0xdc9cc996380d5b003fd8c73af36636b7372574bb92cf9ddd8036922d3ce480e3,2026-09-07T08:44:03.552690,profit=None
alert_1788770645_0x8fbd26,sell,0x8fbd26a7cb1ab65834c5ea245aa1f1e78d03ed30,WETH,0xc02aaa39b223fe8d0a0e5c4f27ead9083c756cc2,ethereum,0.7106,2491.29,0xa9895a30482a684ca40658a121f04c697b9ad64c2eb56b144127abddccbcb1ba,2026-09-07T08:44:05.951454,profit=None
alert_1788770649_0x69c66b,sell,0x69c66beafb06674db41b22cfc50c34a93b8d82a2,GROK,0x8390a1da07e376ef7add4be859ba74fb83aa02d5,ethereum,4232.7049,0.0007269,0x4c52f5f12b7a3177761544b0085ceac09e7815ef0cb721e17040424fd3b3a075,2026-09-07T08:44:09.596102,profit=None
alert_1788770651_0x69c66b,sell,0x69c66beafb06674db41b22cfc50c34a93b8d82a2,GROK,0x8390a1da07e376ef7add4be859ba74fb83aa02d5,ethereum,2769.754,0.0007269,0x912947199aeca47792a5e44cc59063b78856f5ed212ac71e5f3ac82feed86d50,2026-09-07T08:44:11.951541,profit=None
alert_1788770654_0x69c66b,sell,0x69c66beafb06674db41b22cfc50c34a93b8d82a2,GROK,0x8390a1da07e376ef7add4be859ba74fb83aa02d5,ethereum,17001.5317,0.0007269,0x93251430671cfd9cb0195537c49dcf1ab2748ce2d0ab1d8996519b457eea0fe4,2026-09-07T08:44:14.301308,profit=None
alert_1788770656_0x69c66b,sell,0x69c66beafb06674db41b22cfc50c34a93b8d82a2,WETH,0xc02aaa39b223fe8d0a0e5c4f27ead9083c756cc2,ethereum,0.1088,2491.29,0x86e62ebecadd564e4468da5f7f815cdd7e1a8b71ec54146ba9d364b8353a9c36,2026-09-07T08:44:16.692824,profit=None
alert_1788770659_0x69c66b,sell,0x69c66beafb06674db41b22cfc50c34a93b8d82a2,GROK,0x8390a1da07e376ef7add4be859ba74fb83aa02d5,ethereum,145403.6582,0.0007269,0x4d839fbd4038f8911c5fbcf6e57e6592c91f0afaf571f9f64cd893a43aa85dcd,2026-09-07T08:44:19.059380,profit=None
alert_1788770661_0x69c66b,sell,0x69c66beafb06674db41b22cfc50c34a93b8d82a2,WETH,0xc02aaa39b223fe8d0a0e5c4f27ead9083c756cc2,ethereum,0.0395,2491.29,0x78325f66af8600dfb049902456a160fe357c1729d2caa32509c85dbc17945c41,2026-09-07T08:44:21.413855,profit=None
alert_1788770663_0x69c66b,sell,0x69c66beafb06674db41b22cfc50c34a93b8d82a2,WETH,0xc02aaa39b223fe8d0a0e5c4f27ead9083c756cc2,ethereum,0.0789,2491.29,0xabe3d789a0798d5ebf32fb217948fc6fc61e3a20d45b2fdc1d2967970f40790c,2026-09-07T08:44:23.774883,profit=None
alert_1788770666_0x69c66b,sell,0x69c66beafb06674db41b22cfc50c34a93b8d82a2,WETH,0xc02aaa39b223fe8d0a0e5c4f27ead9083c756cc2,ethereum,0.1286,2491.29,0x6d38a2dcb16586068dc346743fdf564697350f9b1caaf016337855d1cd4ec33f,2026-09-07T08:44:26.146218,profit=None
alert_1788770668_0x69c66b,sell,0x69c66beafb06674db41b22cfc50c34a93b8d82a2,WETH,0xc02aaa39b223fe8d0a0e5c4f27ead9083c756cc2,ethereum,0.0031,2491.29,0x87775e134eec8c9dcbfd162ba8917fd8e8d0a9a15e4d83981118b80c9efbb928,2026-09-07T08:44:28.491692,profit=None
alert_1788770670_0x69c66b,sell,0x69c66beafb06674db41b22cfc50c34a93b8d82a2,WETH,0xc02aaa39b223fe8d0a0e5c4f27ead9083c756cc2,ethereum,0.2038,2491.29,0x5ecfb12c0daac90ee7a754115ffbe4951988ec182f40a3d066941d86e5cf6eee,2026-09-07T08:44:30.863444,profit=None
alert_1788770673_0x69c66b,sell,0x69c66beafb06674db41b22cfc50c34a93b8d82a2,WETH,0xc02aaa39b223fe8d0a0e5c4f27ead9083c756cc2,ethereum,0.0015,2491.29,0x6995d03e62b64ed32080c4bda0eff19cc634f191b7f22a431ccb93a49f81aa1f,2026-09-07T08:44:33.296557,profit=None
alert_1788770675_0x69c66b,sell,0x69c66beafb06674db41b22cfc50c34a93b8d82a2,GROK,0x8390a1da07e376ef7add4be859ba74fb83aa02d5,ethereum,9500.2345,0.0007269,0xae325edfb97ed83519531198c3794563044afacde91fdc8d61cc3c1f3ce82723,2026-09-07T08:44:35.814175,profit=None
alert_1788770679_0xc56c9d,sell,0xc56c9d4aee66e16aa4a31a710a6d2fc720a626b6,ETHCAT,0x777777780838c00038ecd48f63f3c37669322bc8,ethereum,81677.8224,0.0003633,0x7675ee697f7617b1667886e9ec142f553943163b082634e9736db00eaa9e366c,2026-09-07T08:44:39.440081,profit=None
alert_1788770681_0xc56c9d,sell,0xc56c9d4aee66e16aa4a31a710a6d2fc720a626b6,ETHCAT,0x777777780838c00038ecd48f63f3c37669322bc8,ethereum,311578.626,0.0003633,0x2ddb0c6d61189585f3975675d5171edfcb87437cdcdf2085c3243ca7594a6942,2026-09-07T08:44:41.782639,profit=None
alert_1788770684_0xc56c9d,sell,0xc56c9d4aee66e16aa4a31a710a6d2fc720a626b6,ETHCAT,0x777777780838c00038ecd48f63f3c37669322bc8,ethereum,390091.4769,0.0003633,0xa08c950a0edc4759957dfa86a7a6e140a287e1b53511cf5d37492bfcee1fb372,2026-09-07T08:44:44.138426,profit=None
alert_1788770686_0xc56c9d,sell,0xc56c9d4aee66e16aa4a31a710a6d2fc720a626b6,WETH,0xc02aaa39b223fe8d0a0e5c4f27ead9083c756cc2,ethereum,0.002,2491.36,0x0f87ad9a3a392f8a4eaf697ab80c5c9014a7ab48615e3047378ef30e1b868333,2026-09-07T08:44:46.516756,profit=None
alert_1788770688_0xc56c9d,sell,0xc56c9d4aee66e16aa4a31a710a6d2fc720a626b6,ETHCAT,0x777777780838c00038ecd48f63f3c37669322bc8,ethereum,963736.6447,0.0003633,0xa9673fe0dbb38570e087417f630504e8b14e3c64895c7f7e7caa5f766eae0a01,2026-09-07T08:44:48.901434,profit=None
alert_1788770691_0xc56c9d,sell,0xc56c9d4aee66e16aa4a31a710a6d2fc720a626b6,ETHCAT,0x777777780838c00038ecd48f63f3c37669322bc8,ethereum,114004.8474,0.0003633,0xea40c192e35f14afd4fe7145c61c6303c2eba2c9ece966bd062ec8447940e6da,2026-09-07T08:44:51.288295,profit=None
alert_1788770693_0xc56c9d,sell,0xc56c9d4aee66e16aa4a31a710a6d2fc720a626b6,WETH,0xc02aaa39b223fe8d0a0e5c4f27ead9083c756cc2,ethereum,0.0,2491.36,0x8983fc00896bf1d39f0d51e1c00201a606a4b728510457de48b3a610f9fba674,2026-09-07T08:44:53.878069,profit=None
alert_1788770703_0xc56c9d,sell,0xc56c9d4aee66e16aa4a31a710a6d2fc720a626b6,WETH,0xc02aaa39b223fe8d0a0e5c4f27ead9083c756cc2,ethereum,0.1187,2491.36,0x1a5fb01ee573248899d843f0108788524684a686b27877556ffdb16bfb3eb8ad,2026-09-07T08:45:03.616357,profit=None
alert_1788770706_0xc56c9d,sell,0xc56c9d4aee66e16aa4a31a710a6d2fc720a626b6,WETH,0xc02aaa39b223fe8d0a0e5c4f27ead9083c756cc2,ethereum,0.0649,2491.36,0x34c3f754e89b494ee03a462cca27ab2c5578a6e9476108cbbdab57dd43280bc9,2026-09-07T08:45:06.021846,profit=None
alert_1788770708_0xc56c9d,sell,0xc56c9d4aee66e16aa4a31a710a6d2fc720a626b6,WETH,0xc02aaa39b223fe8d0a0e5c4f27ead9083c756cc2,ethereum,0.0269,2491.36,0x584283582add1981232fda0a4be322e6e35cca4acc496a42e8478f20c5caaec7,2026-09-07T08:45:08.385321,profit=None
alert_1788770710_0xc56c9d,sell,0xc56c9d4aee66e16aa4a31a710a6d2fc720a626b6,ETHCAT,0x777777780838c00038ecd48f63f3c37669322bc8,ethereum,642894.2843,0.0003633,0x45fd61570810904e1c14298222b4bd8c0d253d93a6ff7b397cb2090ee7481f48,2026-09-07T08:45:10.757153,profit=None
alert_1788770713_0xc56c9d,sell,0xc56c9d4aee66e16aa4a31a710a6d2fc720a626b6,WETH,0xc02aaa39b223fe8d0a0e5c4f27ead9083c756cc2,ethereum,0.2151,2491.36,0xa8d068f75f7e8a5b70986c7b3776c3b7a83892a677fbb26925788569e0632d1e,2026-09-07T08:45:13.118920,profit=None
alert_1788770715_0xc56c9d,sell,0xc56c9d4aee66e16aa4a31a710a6d2fc720a626b6,ETHCAT,0x777777780838c00038ecd48f63f3c37669322bc8,ethereum,69859.0755,0.0003633,0x3f4295ed0eb2e978760938426886788066f8654ec51011a5d1b118cad18aab54,2026-09-07T08:45:15.514120,profit=None
alert_1788770717_0xc56c9d,sell,0xc56c9d4aee66e16aa4a31a710a6d2fc720a626b6,WETH,0xc02aaa39b223fe8d0a0e5c4f27ead9083c756cc2,ethereum,0.5024,2491.36,0x22345481365d6a9a38c33c51179b3fece9c9d9fc01a6243f78b53880e53da298,2026-09-07T08:45:17.860355,profit=None
alert_1788770720_0xc56c9d,sell,0xc56c9d4aee66e16aa4a31a710a6d2fc720a626b6,ETHCAT,0x777777780838c00038ecd48f63f3c37669322bc8,ethereum,31774.7387,0.0003633,0x04026be6d4335a1944e88e8ae0a6fa4ea7b5dcd3694a9c295c386e769bf5b8dd,2026-09-07T08:45:20.230360,profit=None
alert_1788770722_0xc56c9d,sell,0xc56c9d4aee66e16aa4a31a710a6d2fc720a626b6,WETH,0xc02aaa39b223fe8d0a0e5c4f27ead9083c756cc2,ethereum,0.0811,2491.36,0x9ea59d8054476f5f600f0c0e764b801140d6e53bbfa070579a256cd6b4bc2f67,2026-09-07T08:45:22.578644,profit=None
alert_1788770724_0xc56c9d,sell,0xc56c9d4aee66e16aa4a31a710a6d2fc720a626b6,ETHCAT,0x777777780838c00038ecd48f63f3c37669322bc8,ethereum,24693.2674,0.0003633,0xed1686dc5ffbc1b62a66b8df0f6efcf419d50b13128623a04e9ae9f6adc1d868,2026-09-07T08:45:24.932744,profit=None
alert_1788770727_0xc56c9d,sell,0xc56c9d4aee66e16aa4a31a710a6d2fc720a626b6,ETHCAT,0x777777780838c00038ecd48f63f3c37669322bc8,ethereum,562119.6658,0.0003633,0x1d3d28d37dcea604902f44e0a8e7d9dd1ec08cbd07b9a56afdcbe0679435da19,2026-09-07T08:45:27.301670,profit=None
alert_1788770729_0xc56c9d,sell,0xc56c9d4aee66e16aa4a31a710a6d2fc720a626b6,WETH,0xc02aaa39b223fe8d0a0e5c4f27ead9083c756cc2,ethereum,0.1722,2491.36,0x241e210c11a519e45400d5bf40678c6aa4b9496012edbee156f2956b51cc54d7,2026-09-07T08:45:29.672802,profit=None
alert_1788770732_0xc56c9d,sell,0xc56c9d4aee66e16aa4a31a710a6d2fc720a626b6,WETH,0xc02aaa39b223fe8d0a0e5c4f27ead9083c756cc2,ethereum,0.0774,2491.36,0xc02b72c066560e8f5a531270293fb6bc530e874a571e39f6aee252744cc733f2,2026-09-07T08:45:32.044965,profit=None
alert_1788770734_0xc56c9d,buy,0xc56c9d4aee66e16aa4a31a710a6d2fc720a626b6,WETH,0xc02aaa39b223fe8d0a0e5c4f27ead9083c756cc2,ethereum,0.0023,2491.36,0x20c1c3d2d0a6b814390df0a8ffc676641b051aebea0596192e94c9a182586178,2026-09-07T08:45:34.400214,whale buy
alert_1788770736_0xc56c9d,sell,0xc56c9d4aee66e16aa4a31a710a6d2fc720a626b6,ETHCAT,0x777777780838c00038ecd48f63f3c37669322bc8,ethereum,1299117.3995,0.0003633,0x9095461cac75c5ac9c448f4142687c324c34d62fc907346ae17544b46af04257,2026-09-07T08:45:36.749255,profit=None
alert_1788770739_0xc56c9d,sell,0xc56c9d4aee66e16aa4a31a710a6d2fc720a626b6,WETH,0xc02aaa39b223fe8d0a0e5c4f27ead9083c756cc2,ethereum,0.0173,2491.36,0xbf137b3e42a985fbaa5e04e561a508b539a0a760360a7fa6dd411747ffd30d04,2026-09-07T08:45:39.146873,profit=None
alert_1788770741_0xc56c9d,sell,0xc56c9d4aee66e16aa4a31a710a6d2fc720a626b6,ETHCAT,0x777777780838c00038ecd48f63f3c37669322bc8,ethereum,86530.6958,0.0003633,0xfb9f64377b19784af0db8718c5eb3e82bd276078a0b4c26be53babc3ff60e948,2026-09-07T08:45:41.565853,profit=None
alert_1788770743_0xc56c9d,sell,0xc56c9d4aee66e16aa4a31a710a6d2fc720a626b6,ETHCAT,0x777777780838c00038ecd48f63f3c37669322bc8,ethereum,15313.0675,0.0003633,0xaf8e1e9713751b83ca462eed2ba283da635779ac29262700fa05d3e272a69cf8,2026-09-07T08:45:43.930070,profit=None
alert_1788770746_0xc56c9d,sell,0xc56c9d4aee66e16aa4a31a710a6d2fc720a626b6,WETH,0xc02aaa39b223fe8d0a0e5c4f27ead9083c756cc2,ethereum,0.0703,2491.36,0x3772877c76f5c9c2b71f83870ad8106a8c7170c5c5385a7d215404ffc87f5985,2026-09-07T08:45:46.279232,profit=None
alert_1788770748_0xc56c9d,sell,0xc56c9d4aee66e16aa4a31a710a6d2fc720a626b6,ETHCAT,0x777777780838c00038ecd48f63f3c37669322bc8,ethereum,443432.6622,0.0003633,0xd723b607b95af3ee43de5392007fd106dbd7c60552b582ea58a6e591b9d811df,2026-09-07T08:45:48.641118,profit=None
alert_1788770751_0xc56c9d,sell,0xc56c9d4aee66e16aa4a31a710a6d2fc720a626b6,ETHCAT,0x777777780838c00038ecd48f63f3c37669322bc8,ethereum,500546.3435,0.0003633,0xf9925d4a9d393e049e40566c8cd695e654c243ffb1043df59af7bf0fa06171c0,2026-09-07T08:45:51.262958,profit=None
alert_1788770753_0xc56c9d,sell,0xc56c9d4aee66e16aa4a31a710a6d2fc720a626b6,ETHCAT,0x777777780838c00038ecd48f63f3c37669322bc8,ethereum,201599.759,0.0003633,0x02eba638573181f9e5c20c7570899345b7413582a9b9e2d20742ca45b7bd1054,2026-09-07T08:45:53.872250,profit=None
alert_1788770763_0xc56c9d,sell,0xc56c9d4aee66e16aa4a31a710a6d2fc720a626b6,WETH,0xc02aaa39b223fe8d0a0e5c4f27ead9083c756cc2,ethereum,0.0349,2491.75,0x3e51962ac7ed310b03719aa2b3da70d19f1e334094f333e47595a033cad57b50,2026-09-07T08:46:03.691464,profit=None
alert_1788770766_0xc56c9d,sell,0xc56c9d4aee66e16aa4a31a710a6d2fc720a626b6,WETH,0xc02aaa39b223fe8d0a0e5c4f27ead9083c756cc2,ethereum,0.0406,2491.75,0xe676ab319be0082f849d3ea2f308f9020a6b765d9de86580ba138dfa7fc9282d,2026-09-07T08:46:06.061211,profit=None
alert_1788770768_0xc56c9d,sell,0xc56c9d4aee66e16aa4a31a710a6d2fc720a626b6,ETHCAT,0x777777780838c00038ecd48f63f3c37669322bc8,ethereum,851493.0036,0.0003633,0xebfaff5f1c9de9485d59f0eaec7dd48c75879ba19aeaa49bd6ff3a358aaad014,2026-09-07T08:46:08.445113,profit=None
alert_1788770770_0xc56c9d,sell,0xc56c9d4aee66e16aa4a31a710a6d2fc720a626b6,ETHCAT,0x777777780838c00038ecd48f63f3c37669322bc8,ethereum,673581.2142,0.0003633,0x2bf2fe81d89046adb1792d740c4378dd2bbe7b4791aa49592f813f39be460811,2026-09-07T08:46:10.809443,profit=None
alert_1788770773_0xc56c9d,sell,0xc56c9d4aee66e16aa4a31a710a6d2fc720a626b6,WETH,0xc02aaa39b223fe8d0a0e5c4f27ead9083c756cc2,ethereum,0.1833,2491.75,0xeace49452d64480dc89af6f5481a5a23ce8e034f8712b236c5e002fb2c6dc05b,2026-09-07T08:46:13.212456,profit=None
alert_1788770775_0xc56c9d,sell,0xc56c9d4aee66e16aa4a31a710a6d2fc720a626b6,WETH,0xc02aaa39b223fe8d0a0e5c4f27ead9083c756cc2,ethereum,0.0945,2491.75,0x2077c978cd15882f7cc992429aef62b0183034435651c0dfc423b149dfc7bef6,2026-09-07T08:46:15.572899,profit=None
alert_1788770777_0xc56c9d,sell,0xc56c9d4aee66e16aa4a31a710a6d2fc720a626b6,ETHCAT,0x777777780838c00038ecd48f63f3c37669322bc8,ethereum,172402.3511,0.0003633,0x9d9f7e12cd2c9528951f948043f3f782f1664cdcab6de43fee5a6e80f0e9abee,2026-09-07T08:46:17.975828,profit=None
alert_1788770780_0xc56c9d,sell,0xc56c9d4aee66e16aa4a31a710a6d2fc720a626b6,ETHCAT,0x777777780838c00038ecd48f63f3c37669322bc8,ethereum,1497963.4301,0.0003633,0xeefc97843ace9c9065464a5d86f8abec8dd6f5d2dfee3a02e850eec33e7ed300,2026-09-07T08:46:20.347065,profit=None
alert_1788770782_0xc56c9d,sell,0xc56c9d4aee66e16aa4a31a710a6d2fc720a626b6,WETH,0xc02aaa39b223fe8d0a0e5c4f27ead9083c756cc2,ethereum,0.025,2491.75,0xf6a033c0bfc34e716c9c9bf245bd522d8673b74a65aebc68225fd50eb5b5e6ef,2026-09-07T08:46:22.713473,profit=None
alert_1788770785_0xc56c9d,sell,0xc56c9d4aee66e16aa4a31a710a6d2fc720a626b6,ETHCAT,0x777777780838c00038ecd48f63f3c37669322bc8,ethereum,1152785.5926,0.0003633,0x79c734c32d30c106578450613e2cca1806bd2595c3b29ea5d8a38721f68b82f7,2026-09-07T08:46:25.067797,profit=None
alert_1788770787_0xc56c9d,sell,0xc56c9d4aee66e16aa4a31a710a6d2fc720a626b6,ETHCAT,0x777777780838c00038ecd48f63f3c37669322bc8,ethereum,65855.1948,0.0003633,0xd8692a7d21e74bebe9803221aef3a5abd239779c8fd29c9106dedcd82c40207c,2026-09-07T08:46:27.416296,profit=None
alert_1788770791_0x52c77b,sell,0x52c77b0cb827afbad022e6d6caf2c44452edbc39,WETH,0xc02aaa39b223fe8d0a0e5c4f27ead9083c756cc2,ethereum,0.0001,2491.75,0x01414de8fbe1ccd480b5c0b5eda82d3e40f15c8efc214f46cb648e043c78788a,2026-09-07T08:46:31.039391,profit=None
alert_1788770793_0x52c77b,sell,0x52c77b0cb827afbad022e6d6caf2c44452edbc39,WETH,0xc02aaa39b223fe8d0a0e5c4f27ead9083c756cc2,ethereum,0.5404,2491.75,0xb49c009e0a0265428ac06d85a1130d4bc0e5ecb478f41445a0e686eb75e5163e,2026-09-07T08:46:33.455905,profit=None
alert_1788770795_0x52c77b,sell,0x52c77b0cb827afbad022e6d6caf2c44452edbc39,WETH,0xc02aaa39b223fe8d0a0e5c4f27ead9083c756cc2,ethereum,0.8887,2491.75,0x45111b7817ab2af8bafb2f9e89e93e982912bbec3532cb46e1b67a5f0aa595b1,2026-09-07T08:46:35.818665,profit=None
alert_1788770798_0x52c77b,sell,0x52c77b0cb827afbad022e6d6caf2c44452edbc39,WETH,0xc02aaa39b223fe8d0a0e5c4f27ead9083c756cc2,ethereum,0.3742,2491.75,0x967f82b61e7d4c17407472ac03fe10fa8335c19f2ac93186d90e41721aba2f55,2026-09-07T08:46:38.195578,profit=None
alert_1788770800_0x52c77b,sell,0x52c77b0cb827afbad022e6d6caf2c44452edbc39,WETH,0xc02aaa39b223fe8d0a0e5c4f27ead9083c756cc2,ethereum,0.7762,2491.75,0x67fdef83aac7c798c7cbeeefab351f280e95d51dcdffabb9f27a8091215b28f7,2026-09-07T08:46:40.567807,profit=None
alert_1788770802_0x52c77b,sell,0x52c77b0cb827afbad022e6d6caf2c44452edbc39,WETH,0xc02aaa39b223fe8d0a0e5c4f27ead9083c756cc2,ethereum,0.318,2491.75,0x8c81f4e0d2569420067e96bf923616e67d7db7e2b478e302ddc38a4654a4587c,2026-09-07T08:46:42.924957,profit=None
alert_1788770805_0x52c77b,sell,0x52c77b0cb827afbad022e6d6caf2c44452edbc39,SPX,0xe0f63a424a4439cbe457d80e4f4b51ad25b2c56c,ethereum,1217.669,0.5549,0x1f2ba6d8ed1d1a3bab7f82e2fb89000fc554ebdcc535dfb6883744acda7fd71a,2026-09-07T08:46:45.378363,profit=None
alert_1788770807_0x52c77b,sell,0x52c77b0cb827afbad022e6d6caf2c44452edbc39,SPX,0xe0f63a424a4439cbe457d80e4f4b51ad25b2c56c,ethereum,406.8642,0.5549,0x6aa4ff835d75633b949c496b9f1893d18f39cf55d85e526e4aa44c41c8d7fd1c,2026-09-07T08:46:47.742072,profit=None
alert_1788770810_0x52c77b,sell,0x52c77b0cb827afbad022e6d6caf2c44452edbc39,SPX,0xe0f63a424a4439cbe457d80e4f4b51ad25b2c56c,ethereum,53.3372,0.5549,0x6b5722825cc9824f7c080283d54fa9be16c443e8d538af1f96e5f8c245a7f7e6,2026-09-07T08:46:50.114968,profit=None
alert_1788770812_0x52c77b,sell,0x52c77b0cb827afbad022e6d6caf2c44452edbc39,WETH,0xc02aaa39b223fe8d0a0e5c4f27ead9083c756cc2,ethereum,1.8526,2491.75,0x433301b110125b5b5ff8fa1b76ad87bf84eed44bc5aed4431929693082cc1d7d,2026-09-07T08:46:52.723068,profit=None
alert_1788770823_0x52c77b,sell,0x52c77b0cb827afbad022e6d6caf2c44452edbc39,WETH,0xc02aaa39b223fe8d0a0e5c4f27ead9083c756cc2,ethereum,1.692,2491.75,0xa67f9a13025e47c84a8cb2235791844df3c14657e5429f54bda35bf5750e2ea3,2026-09-07T08:47:03.335187,profit=None
alert_1788770825_0x52c77b,sell,0x52c77b0cb827afbad022e6d6caf2c44452edbc39,SPX,0xe0f63a424a4439cbe457d80e4f4b51ad25b2c56c,ethereum,492.5914,0.5549,0x9d94f349ed18f075f3b4f4655a7b10840a5f9a51a9409aecc4de148ab4edde5a,2026-09-07T08:47:05.688437,profit=None
alert_1788770828_0x52c77b,sell,0x52c77b0cb827afbad022e6d6caf2c44452edbc39,WETH,0xc02aaa39b223fe8d0a0e5c4f27ead9083c756cc2,ethereum,1.538,2491.75,0x894fddef88df7535bad81c8f7b744a07df4c834b35fdcfc1b3e09d6bd7073c4a,2026-09-07T08:47:08.091135,profit=None
alert_1788770830_0x52c77b,sell,0x52c77b0cb827afbad022e6d6caf2c44452edbc39,SPX,0xe0f63a424a4439cbe457d80e4f4b51ad25b2c56c,ethereum,20.7734,0.5549,0x819a116d58a2923eb3e629f7edb1f1dcb65df725e4d7058b90c6673d302412af,2026-09-07T08:47:10.550805,profit=None
alert_1788770832_0x52c77b,sell,0x52c77b0cb827afbad022e6d6caf2c44452edbc39,WETH,0xc02aaa39b223fe8d0a0e5c4f27ead9083c756cc2,ethereum,0.5287,2491.75,0xddfde2ee345269f7ef52c5896f937567372a93ab5a76d57eff2d9c67e2d2a00d,2026-09-07T08:47:12.920201,profit=None
alert_1788770835_0x52c77b,sell,0x52c77b0cb827afbad022e6d6caf2c44452edbc39,WETH,0xc02aaa39b223fe8d0a0e5c4f27ead9083c756cc2,ethereum,0.1849,2491.75,0x25073629b2917f328140db87d1ec2267cb3f2c0bcb1c34b82457a98fc6b9bcf7,2026-09-07T08:47:15.293853,profit=None
alert_1788770837_0x52c77b,sell,0x52c77b0cb827afbad022e6d6caf2c44452edbc39,SPX,0xe0f63a424a4439cbe457d80e4f4b51ad25b2c56c,ethereum,44.9915,0.5549,0x6e690ba1e3b353153abcb80cc14a1187756315e1dca17cec3301e6d7f1b3d145,2026-09-07T08:47:17.669109,profit=None
alert_1788770840_0x52c77b,sell,0x52c77b0cb827afbad022e6d6caf2c44452edbc39,SPX,0xe0f63a424a4439cbe457d80e4f4b51ad25b2c56c,ethereum,47.6348,0.5549,0x945785b3469aebf733dcaa3454ffd1830a4356c20e1e426056b5ad7fa1592fde,2026-09-07T08:47:20.350680,profit=None
alert_1788770842_0x52c77b,sell,0x52c77b0cb827afbad022e6d6caf2c44452edbc39,WETH,0xc02aaa39b223fe8d0a0e5c4f27ead9083c756cc2,ethereum,0.2868,2491.75,0x5fb4e932ad872ad47cc161a6625f54ab4054914e9ad9b9bfb7ad405614cabec9,2026-09-07T08:47:22.723244,profit=None
alert_1788770845_0x52c77b,sell,0x52c77b0cb827afbad022e6d6caf2c44452edbc39,SPX,0xe0f63a424a4439cbe457d80e4f4b51ad25b2c56c,ethereum,12.3034,0.5549,0x580cf1b251dd91cbcbc36c941ca244b8cfc37632de91187761e6340f751e327f,2026-09-07T08:47:25.114336,profit=None
alert_1788770847_0x52c77b,sell,0x52c77b0cb827afbad022e6d6caf2c44452edbc39,WETH,0xc02aaa39b223fe8d0a0e5c4f27ead9083c756cc2,ethereum,0.2775,2491.75,0x84142595fa2d53c78a72d6534fef046eee2942412f8bd5e25d77a10ba432a2a1,2026-09-07T08:47:27.491992,profit=None
alert_1788770849_0x52c77b,sell,0x52c77b0cb827afbad022e6d6caf2c44452edbc39,WETH,0xc02aaa39b223fe8d0a0e5c4f27ead9083c756cc2,ethereum,1.1264,2491.75,0x35c435c77a71257c05bac0202e01107c237fbadf325ec61b8f8857391f6f5d74,2026-09-07T08:47:29.848171,profit=None
alert_1788770852_0x52c77b,sell,0x52c77b0cb827afbad022e6d6caf2c44452edbc39,SPX,0xe0f63a424a4439cbe457d80e4f4b51ad25b2c56c,ethereum,549.3883,0.5549,0x05087c65096143ee7fd79d0b83d9eb76f6d0b6109b2c989b8fa71f58725d1733,2026-09-07T08:47:32.272750,profit=None
alert_1788770854_0x52c77b,sell,0x52c77b0cb827afbad022e6d6caf2c44452edbc39,SPX,0xe0f63a424a4439cbe457d80e4f4b51ad25b2c56c,ethereum,28.4683,0.5549,0x2a2ec7119924b98146a6c630a742191ce0e5cc59d8efbc76abc5a3b53b4a985d,2026-09-07T08:47:34.663689,profit=None
alert_1788770857_0x52c77b,sell,0x52c77b0cb827afbad022e6d6caf2c44452edbc39,SPX,0xe0f63a424a4439cbe457d80e4f4b51ad25b2c56c,ethereum,840.7297,0.5549,0x928d2d4671bd9a440e9d54a502d8bc711b034b26fc94f81092b3a7335c67327b,2026-09-07T08:47:37.087168,profit=None
alert_1788770859_0x52c77b,sell,0x52c77b0cb827afbad022e6d6caf2c44452edbc39,SPX,0xe0f63a424a4439cbe457d80e4f4b51ad25b2c56c,ethereum,605.34,0.5549,0xdd571dd8b188925123e1f85a2a7c6f563bbec1d46401246a11f272f96cf3d5ff,2026-09-07T08:47:39.469162,profit=None
alert_1788770861_0x52c77b,sell,0x52c77b0cb827afbad022e6d6caf2c44452edbc39,SPX,0xe0f63a424a4439cbe457d80e4f4b51ad25b2c56c,ethereum,1178.6916,0.5549,0x336f29ceffb0fde2ecfbdb98602162c53fcd16f6799b7e01932de7351756e62a,2026-09-07T08:47:41.871333,profit=None
alert_1788770864_0x52c77b,sell,0x52c77b0cb827afbad022e6d6caf2c44452edbc39,SPX,0xe0f63a424a4439cbe457d80e4f4b51ad25b2c56c,ethereum,1772.5925,0.5549,0x3e89c18ed04fbc26a2b77cda50990a57ae6e5906fb4fbcddf3860f22ba30a36d,2026-09-07T08:47:44.246809,profit=None
alert_1788770866_0x52c77b,sell,0x52c77b0cb827afbad022e6d6caf2c44452edbc39,SPX,0xe0f63a424a4439cbe457d80e4f4b51ad25b2c56c,ethereum,3174.036,0.5547,0x2770b05f0f7629c944c11ddfd40dcee84fb4bde266bdbd870b4f6ff7fb05bd31,2026-09-07T08:47:46.703625,profit=None
alert_1788770869_0x52c77b,sell,0x52c77b0cb827afbad022e6d6caf2c44452edbc39,SPX,0xe0f63a424a4439cbe457d80e4f4b51ad25b2c56c,ethereum,2301.7486,0.5547,0xbcd53348ef65aa38a3bc5dca54ad4160c40ab872f65302596c22b9b826f3c245,2026-09-07T08:47:49.067857,profit=None
alert_1788770871_0x52c77b,sell,0x52c77b0cb827afbad022e6d6caf2c44452edbc39,SPX,0xe0f63a424a4439cbe457d80e4f4b51ad25b2c56c,ethereum,2582.8756,0.5547,0x9e5f1608202d65b80fda06f22fd0c38bc91cae22db4ebeafb9e106649ce834d9,2026-09-07T08:47:51.429537,profit=None
alert_1788770874_0x52c77b,sell,0x52c77b0cb827afbad022e6d6caf2c44452edbc39,SPX,0xe0f63a424a4439cbe457d80e4f4b51ad25b2c56c,ethereum,5472.2276,0.5547,0x7806d563044ff642d1dc623fede7a3ac3c8ffe76bbd842142a5b55b8ae8c3417,2026-09-07T08:47:54.083034,profit=None
alert_1788770876_0x52c77b,sell,0x52c77b0cb827afbad022e6d6caf2c44452edbc39,SPX,0xe0f63a424a4439cbe457d80e4f4b51ad25b2c56c,ethereum,1884.8563,0.5547,0xf73513da541defc6a1fea10aebdcb776b27a158da0d265ec337b8b3fdd7ffa84,2026-09-07T08:47:56.729911,profit=None
alert_1788770886_0x52c77b,sell,0x52c77b0cb827afbad022e6d6caf2c44452edbc39,SPX,0xe0f63a424a4439cbe457d80e4f4b51ad25b2c56c,ethereum,8044.8298,0.5547,0x2092af55d113565ed0e40abe38eef5144432144582352744e3223915747f3196,2026-09-07T08:48:06.119754,profit=None
alert_1788770888_0x52c77b,sell,0x52c77b0cb827afbad022e6d6caf2c44452edbc39,SPX,0xe0f63a424a4439cbe457d80e4f4b51ad25b2c56c,ethereum,1291.4223,0.5547,0x6e9257833f85321629d67dc47dc6cdc5db94524c052d612b90292e67d90692e0,2026-09-07T08:48:08.523607,profit=None
alert_1788770890_0x52c77b,sell,0x52c77b0cb827afbad022e6d6caf2c44452edbc39,SPX,0xe0f63a424a4439cbe457d80e4f4b51ad25b2c56c,ethereum,2513.5799,0.5547,0x59f556b3d4020961da178424f0ce236bc8b3a358a93bff41391c4390d1b25487,2026-09-07T08:48:10.885048,profit=None
alert_1788770893_0x52c77b,sell,0x52c77b0cb827afbad022e6d6caf2c44452edbc39,SPX,0xe0f63a424a4439cbe457d80e4f4b51ad25b2c56c,ethereum,1803.424,0.5547,0x175e893dd6b218c7d072aab345641fc943f469c0076a3f5a7330c88a21a1cc0e,2026-09-07T08:48:13.250621,profit=None
alert_1788770895_0x52c77b,sell,0x52c77b0cb827afbad022e6d6caf2c44452edbc39,WETH,0xc02aaa39b223fe8d0a0e5c4f27ead9083c756cc2,ethereum,0.167,2492.2,0xf1247b8b605f5ad2787b4c3fc30d8e03c208e29edc6d2eb8588a167cb740052d,2026-09-07T08:48:15.656415,profit=None
alert_1788770898_0x52c77b,sell,0x52c77b0cb827afbad022e6d6caf2c44452edbc39,WETH,0xc02aaa39b223fe8d0a0e5c4f27ead9083c756cc2,ethereum,0.3707,2492.2,0x2c511cc12d73440f684869bc0edd9c6adc6617ab2ebeb9a639ac7e0342be073a,2026-09-07T08:48:18.041150,profit=None
